Year,Round,Pick (overall),Team,Via,Selection,Position,College,Current team,Current team/status as of
2026,1,1,Las Vegas Raiders,,Fernando Mendoza,QB,Indiana,Las Vegas Raiders,2026-10-06
2026,1,2,New York Jets,,David Bailey,OLB,Texas Tech,New York Jets,2026-10-06
2026,1,3,Arizona Cardinals,,Jeremiyah Love,RB,Notre Dame,Arizona Cardinals,2026-10-06
2026,1,4,Tennessee Titans,,Carnell Tate,WR,Ohio State,Tennessee Titans,2026-10-06
2026,1,5,New York Giants,,Arvell Reese,LB,Ohio State,New York Giants,2026-10-06
2026,1,6,Kansas City Chiefs,Cleveland,Mansoor Delane,CB,LSU,Kansas City Chiefs,2026-10-06
2026,1,7,Washington Commanders,,Sonny Styles,LB,Ohio State,Washington Commanders,2026-10-06
2026,1,8,New Orleans Saints,,Jordyn Tyson,WR,Arizona State,New Orleans Saints,2026-10-06
2026,1,9,Cleveland Browns,Kansas City,Spencer Fano,OT,Utah,Cleveland Browns,2026-10-06
2026,1,10,New York Giants,Cincinnati,Francis Mauigoa,OT,Miami (FL),New York Giants,2026-10-06
2026,1,11,Dallas Cowboys,Miami,Caleb Downs,S,Ohio State,Dallas Cowboys,2026-10-06
2026,1,12,Miami Dolphins,Dallas,Kadyn Proctor,OT,Alabama,Miami Dolphins,2026-10-06
2026,1,13,Los Angeles Rams,Atlanta,Ty Simpson,QB,Alabama,Los Angeles Rams,2026-10-06
2026,1,14,Baltimore Ravens,,Olaivavega Ioane,OG,Penn State,Baltimore Ravens,2026-10-06
2026,1,15,Tampa Bay Buccaneers,,Rueben Bain Jr.,DE,Miami (FL),Tampa Bay Buccaneers,2026-10-06
2026,1,16,New York Jets,Indianapolis,Kenyon Sadiq,TE,Oregon,New York Jets,2026-10-06
2026,1,17,Detroit Lions,,Blake Miller,OT,Clemson,Detroit Lions,2026-10-06
2026,1,18,Minnesota Vikings,,Caleb Banks,DT,Florida,Minnesota Vikings,2026-10-06
2026,1,19,Carolina Panthers,,Monroe Freeling,OT,Georgia,Carolina Panthers,2026-10-06
2026,1,20,Philadelphia Eagles,Green Bay via Dallas,Makai Lemon,WR,USC,Philadelphia Eagles,2026-10-06
2026,1,21,Pittsburgh Steelers,,Max Iheanachor,OT,Arizona State,Pittsburgh Steelers,2026-10-06
2026,1,22,Los Angeles Chargers,,Akheem Mesidor,OLB,Miami (FL),Los Angeles Chargers,2026-10-06
2026,1,23,Dallas Cowboys,Philadelphia,Malachi Lawrence,DE,UCF,Dallas Cowboys,2026-10-06
2026,1,24,Cleveland Browns,Jacksonville,KC Concepcion,WR,Texas A&M,Cleveland Browns,2026-10-06
2026,1,25,Chicago Bears,,Dillon Thieneman,S,Oregon,Chicago Bears,2026-10-06
2026,1,26,Houston Texans,Buffalo,Keylan Rutledge,OG,Georgia Tech,Houston Texans,2026-10-06
2026,1,27,Miami Dolphins,San Francisco,Chris Johnson,CB,San Diego State,Miami Dolphins,2026-10-06
2026,1,28,New England Patriots,Houston via Buffalo,Caleb Lomu,OT,Utah,New England Patriots,2026-10-06
2026,1,29,Kansas City Chiefs,LA Rams,Peter Woods,DT,Clemson,Kansas City Chiefs,2026-10-06
2026,1,30,New York Jets,Denver via Miami and San Francisco,Omar Cooper Jr.,WR,Indiana,New York Jets,2026-10-06
2026,1,31,Tennessee Titans,New England via Buffalo,Keldric Faulk,DE,Auburn,Tennessee Titans,2026-10-06
2026,1,32,Seattle Seahawks,,Jadarian Price,RB,Notre Dame,Seattle Seahawks,2026-10-06
2026,2,33,San Francisco 49ers,NY Jets,De'Zhaun Stribling,WR,Ole Miss,San Francisco 49ers,2026-10-06
2026,2,34,Arizona Cardinals,,Chase Bisontis,OG,Texas A&M,Arizona Cardinals,2026-10-06
2026,2,35,Buffalo Bills,Tennessee,T. J. Parker,DE,Clemson,Buffalo Bills,2026-10-06
2026,2,36,Houston Texans,Las Vegas,Kayden McDonald,DT,Ohio State,Houston Texans,2026-10-06
2026,2,37,New York Giants,,Colton Hood,CB,Tennessee,New York Giants,2026-10-06
2026,2,38,Las Vegas Raiders,Washington via Houston,Treydan Stukes,S,Arizona,Las Vegas Raiders,2026-10-06
2026,2,39,Cleveland Browns,,Denzel Boston,WR,Washington,Cleveland Browns,2026-10-06
2026,2,40,Kansas City Chiefs,,R Mason Thomas,DE,Oklahoma,Kansas City Chiefs,2026-10-06
2026,2,41,Cincinnati Bengals,,Cashius Howell,DE,Texas A&M,Cincinnati Bengals,2026-10-06
2026,2,42,New Orleans Saints,,Christen Miller,DT,Georgia,New Orleans Saints,2026-10-06
2026,2,43,Miami Dolphins,,Jacob Rodriguez,LB,Texas Tech,Miami Dolphins,2026-10-06
2026,2,44,Detroit Lions,Dallas via NY Jets,Derrick Moore,DE,Michigan,Detroit Lions,2026-10-06
2026,2,45,Baltimore Ravens,,Zion Young,OLB,Missouri,Baltimore Ravens,2026-10-06
2026,2,46,Tampa Bay Buccaneers,,Josiah Trotter,LB,Missouri,Tampa Bay Buccaneers,2026-10-06
2026,2,47,Pittsburgh Steelers,Indianapolis,Germie Bernard,WR,Alabama,Pittsburgh Steelers,2026-10-06
2026,2,48,Atlanta Falcons,,Avieon Terrell,CB,Clemson,Atlanta Falcons,2026-10-06
2026,2,49,Carolina Panthers,Minnesota,Lee Hunter,DT,Texas Tech,Carolina Panthers,2026-10-06
2026,2,50,New York Jets,Detroit,D'Angelo Ponds,CB,Indiana,New York Jets,2026-10-06
2026,2,51,Minnesota Vikings,Carolina,Jake Golday,LB,Cincinnati,Minnesota Vikings,2026-10-06
2026,2,52,Green Bay Packers,,Brandon Cisse,CB,South Carolina,Green Bay Packers,2026-10-06
2026,2,53,Indianapolis Colts,Pittsburgh,CJ Allen,LB,Georgia,Indianapolis Colts,2026-10-06
2026,2,54,Philadelphia Eagles,,Eli Stowers,TE,Vanderbilt,Philadelphia Eagles,2026-10-06
2026,2,55,New England Patriots,LA Chargers,Gabe Jacas,DE,Illinois,New England Patriots,2026-10-06
2026,2,56,Jacksonville Jaguars,,Nate Boerkircher,TE,Texas A&M,Jacksonville Jaguars,2026-10-06
2026,2,57,Chicago Bears,,Logan Jones,C,Iowa,Chicago Bears,2026-10-06
2026,2,58,Cleveland Browns,San Francisco,Emmanuel McNeil-Warren,S,Toledo,Cleveland Browns,2026-10-06
2026,2,59,Houston Texans,,Marlin Klein,TE,Michigan,Houston Texans,2026-10-06
2026,2,60,Tennessee Titans,Buffalo via Chicago,Anthony Hill Jr.,LB,Texas,Tennessee Titans,2026-10-06
2026,2,61,Los Angeles Rams,,Max Klare,TE,Ohio State,Los Angeles Rams,2026-10-06
2026,2,62,Buffalo Bills,Denver,Davison Igbinosun,CB,Ohio State,Buffalo Bills,2026-10-06
2026,2,63,Los Angeles Chargers,New England,Jake Slaughter,C,Florida,Los Angeles Chargers,2026-10-06
2026,2,64,Seattle Seahawks,,Bud Clark,S,TCU,Seattle Seahawks,2026-10-06
2026,3,65,Arizona Cardinals,,Carson Beck,QB,Miami (FL),Arizona Cardinals,2026-10-06
2026,3,66,Denver Broncos,Tennessee via Buffalo,Tyler Onyedim,DT,Texas A&M,Denver Broncos,2026-10-06
2026,3,67,Las Vegas Raiders,,Keyron Crawford,DE,Auburn,Las Vegas Raiders,2026-10-06
2026,3,68,Philadelphia Eagles,NY Jets,Markel Bell,OT,Miami (FL),Philadelphia Eagles,2026-10-06
2026,3,69,Chicago Bears,"NY Giants via Houston, Buffalo and Tennessee",Sam Roush,TE,Stanford,Chicago Bears,2026-10-06
2026,3,70,San Francisco 49ers,Cleveland,Romello Height,OLB,Texas Tech,San Francisco 49ers,2026-10-06
2026,3,71,Washington Commanders,,Antonio Williams,WR,Clemson,Washington Commanders,2026-10-06
2026,3,72,Cincinnati Bengals,,Tacario Davis,CB,Washington,Cincinnati Bengals,2026-10-06
2026,3,73,New Orleans Saints,,Oscar Delp,TE,Georgia,New Orleans Saints,2026-10-06
2026,3,74,New York Giants,Kansas City via Cleveland,Malachi Fields,WR,Notre Dame,New York Giants,2026-10-06
2026,3,75,Miami Dolphins,,Caleb Douglas,WR,Texas Tech,Miami Dolphins,2026-10-06
2026,3,76,Pittsburgh Steelers,Dallas,Drew Allar,QB,Penn State,Pittsburgh Steelers,2026-10-06
2026,3,77,Green Bay Packers,Tampa Bay,Chris McClellan,DT,Missouri,Green Bay Packers,2026-10-06
2026,3,78,Indianapolis Colts,,A. J. Haulcy,S,LSU,Indianapolis Colts,2026-10-06
2026,3,79,Atlanta Falcons,,Zachariah Branch,WR,Georgia,Atlanta Falcons,2026-10-06
2026,3,80,Baltimore Ravens,,Ja'Kobi Lane,WR,USC,Baltimore Ravens,2026-10-06
2026,3,81,Jacksonville Jaguars,Detroit,Albert Regis,DT,Texas A&M,Jacksonville Jaguars,2026-10-06
2026,3,82,Minnesota Vikings,,Domonique Orange,DT,Iowa State,Minnesota Vikings,2026-10-06
2026,3,83,Carolina Panthers,,Chris Brazzell II,WR,Tennessee,Carolina Panthers,2026-10-06
2026,3,84,Tampa Bay Buccaneers,Green Bay,Ted Hurst,WR,Georgia State,Tampa Bay Buccaneers,2026-10-06
2026,3,85,Pittsburgh Steelers,,Daylen Everette,CB,Georgia,Pittsburgh Steelers,2026-10-06
2026,3,86,Cleveland Browns,LA Chargers,Austin Barber,OT,Florida,Cleveland Browns,2026-10-06
2026,3,87,Miami Dolphins,Philadelphia,Will Kacmarek,TE,Ohio State,Miami Dolphins,2026-10-06
2026,3,88,Jacksonville Jaguars,,Emmanuel Pregnon,OG,Oregon,Jacksonville Jaguars,2026-10-06
2026,3,89,Chicago Bears,,Zavion Thomas,WR,LSU,Chicago Bears,2026-10-06
2026,3,90,San Francisco 49ers,Houston via Miami,Kaelon Black,RB,Indiana,San Francisco 49ers,2026-10-06
2026,3,91,Las Vegas Raiders,Buffalo via Houston,Trey Zuhn III,C,Texas A&M,Las Vegas Raiders,2026-10-06
2026,3,92,Dallas Cowboys,San Francisco,Jaishawn Barham,OLB,Michigan,Dallas Cowboys,2026-10-06
2026,3,93,Los Angeles Rams,,Keagen Trost,OT,Missouri,Los Angeles Rams,2026-10-06
2026,3,94,Miami Dolphins,Denver,Chris Bell,WR,Louisville,Miami Dolphins,2026-10-06
2026,3,95,New England Patriots,,Eli Raridon,TE,Notre Dame,New England Patriots,2026-10-06
2026,3,96,Pittsburgh Steelers,Seattle,Gennings Dunker,OT,Iowa,Pittsburgh Steelers,2026-10-06
2026,3,97,Minnesota Vikings,,Caleb Tiernan,OT,Northwestern,Minnesota Vikings,2026-10-06
2026,3,98,Minnesota Vikings,Philadelphia,Jakobe Thomas,S,Miami (FL),Minnesota Vikings,2026-10-06
2026,3,99,Seattle Seahawks,Pittsburgh,Julian Neal,CB,Arkansas,Seattle Seahawks,2026-10-06
2026,3,100,Jacksonville Jaguars,Detroit,Jalen Huskey,S,Maryland,Jacksonville Jaguars,2026-10-06
2026,4,101,Las Vegas Raiders,Tennessee via Buffalo,Jermod McCoy,CB,Tennessee,Las Vegas Raiders,2026-10-06
2026,4,102,Buffalo Bills,Las Vegas,Jude Bowry,OT,Boston College,Buffalo Bills,2026-10-06
2026,4,103,New York Jets,,Darrell Jackson Jr.,DT,Florida State,New York Jets,2026-10-06
2026,4,104,Arizona Cardinals,,Kaleb Proctor,DT,Southeastern Louisiana,Arizona Cardinals,2026-10-06
2026,4,105,Los Angeles Chargers,NY Giants via Cleveland,Brenen Thompson,WR,Mississippi State,Los Angeles Chargers,2026-10-06
2026,4,106,Houston Texans,Washington,Febechi Nwaiwu,OG,Oklahoma,Houston Texans,2026-10-06
2026,4,107,San Francisco 49ers,Cleveland,Gracen Halton,DT,Oklahoma,San Francisco 49ers,2026-10-06
2026,4,108,Denver Broncos,New Orleans,Jonah Coleman,RB,Washington,Denver Broncos,2026-10-06
2026,4,109,Kansas City Chiefs,,Jadon Canady,CB,Oregon,Kansas City Chiefs,2026-10-06
2026,4,110,New York Jets,Cincinnati,Cade Klubnik,QB,Clemson,New York Jets,2026-10-06
2026,4,111,Denver Broncos,Miami,Kage Casey,OT,Boise State,Denver Broncos,2026-10-06
2026,4,112,Dallas Cowboys,,Drew Shelton,OT,Penn State,Dallas Cowboys,2026-10-06
2026,4,113,Indianapolis Colts,,Jalen Farmer,OG,Kentucky,Indianapolis Colts,2026-10-06
2026,4,114,Dallas Cowboys,Atlanta via Philadelphia,Devin Moore,CB,Florida,Dallas Cowboys,2026-10-06
2026,4,115,Baltimore Ravens,,Elijah Sarratt,WR,Indiana,Baltimore Ravens,2026-10-06
2026,4,116,Tampa Bay Buccaneers,,Keionte Scott,CB,Miami (FL),Tampa Bay Buccaneers,2026-10-06
2026,4,117,Los Angeles Chargers,"Minnesota via Jacksonville, Las Vegas and Houston",Travis Burke,OT,Memphis,Los Angeles Chargers,2026-10-06
2026,4,118,Detroit Lions,,Jimmy Rolder,LB,Michigan,Detroit Lions,2026-10-06
2026,4,119,Jacksonville Jaguars,Carolina,Wesley Williams,DE,Duke,Jacksonville Jaguars,2026-10-06
2026,4,120,Green Bay Packers,,Dani Dennis-Sutton,DE,Penn State,Green Bay Packers,2026-10-06
2026,4,121,Pittsburgh Steelers,,Kaden Wetjen,WR,Iowa,Pittsburgh Steelers,2026-10-06
2026,4,122,Las Vegas Raiders,Philadelphia via Atlanta,Mike Washington Jr.,RB,Arkansas,Las Vegas Raiders,2026-10-06
2026,4,123,Houston Texans,LA Chargers,Wade Woodaz,LB,Clemson,Houston Texans,2026-10-06
2026,4,124,Chicago Bears,Jacksonville via Carolina,Malik Muhammad,CB,Texas,Chicago Bears,2026-10-06
2026,4,125,Buffalo Bills,Chicago via Kansas City and New England,Skyler Bell,WR,UConn,Buffalo Bills,2026-10-06
2026,4,126,Buffalo Bills,,Kaleb Elarms-Orr,LB,TCU,Buffalo Bills,2026-10-06
2026,4,127,San Francisco 49ers,,Carver Willis,OT,Washington,San Francisco 49ers,2026-10-06
2026,4,128,Cincinnati Bengals,Houston via Detroit and NY Jets,Connor Lew,C,Auburn,Cincinnati Bengals,2026-10-06
2026,4,129,Carolina Panthers,LA Rams via Chicago,Will Lee III,CB,Texas A&M,Carolina Panthers,2026-10-06
2026,4,130,Miami Dolphins,Denver,Trey Moore,DE,Texas,Miami Dolphins,2026-10-06
2026,4,131,Los Angeles Chargers,New England,Genesis Smith,S,Arizona,Los Angeles Chargers,2026-10-06
2026,4,132,New Orleans Saints,Seattle,Jeremiah Wright,OG,Auburn,New Orleans Saints,2026-10-06
2026,4,133,Baltimore Ravens,San Francisco,Matthew Hibner,TE,SMU,Baltimore Ravens,2026-10-06
2026,4,134,Atlanta Falcons,Las Vegas,Kendal Daniels,LB,Oklahoma,Atlanta Falcons,2026-10-06
2026,4,135,Indianapolis Colts,Pittsburgh,Bryce Boettcher,LB,Oregon,Indianapolis Colts,2026-10-06
2026,4,136,New Orleans Saints,,Bryce Lance,WR,North Dakota State,New Orleans Saints,2026-10-06
2026,4,137,Dallas Cowboys,Philadelphia,LT Overton,DT,Alabama,Dallas Cowboys,2026-10-06
2026,4,138,Miami Dolphins,San Francisco,Kyle Louis,LB,Pittsburgh,Miami Dolphins,2026-10-06
2026,4,139,San Francisco 49ers,,Ephesians Prysock,CB,Washington,San Francisco 49ers,2026-10-06
2026,4,140,Cincinnati Bengals,NY Jets,Colbie Young,WR,Georgia,Cincinnati Bengals,2026-10-06
2026,5,141,Houston Texans,Las Vegas and Cleveland,Kamari Ramsey,S,USC,Houston Texans,2026-10-06
2026,5,142,Tennessee Titans,NY Jets via Baltimore,Fernando Carmona,OG,Arkansas,Tennessee Titans,2026-10-06
2026,5,143,Arizona Cardinals,,Reggie Virgil,WR,Texas Tech,Arizona Cardinals,2026-10-06
2026,5,144,Carolina Panthers,"Tennessee via LA Rams, Tennessee, and Chicago",Sam Hecht,C,Kansas State,Carolina Panthers,2026-10-06
2026,5,145,Los Angeles Chargers,NY Giants via Cleveland,Nick Barrett,DT,South Carolina,Los Angeles Chargers,2026-10-06
2026,5,146,Cleveland Browns,,Parker Brailsford,C,Alabama,Cleveland Browns,2026-10-06
2026,5,147,Washington Commanders,,Joshua Josephs,DE,Tennessee,Washington Commanders,2026-10-06
2026,5,148,Seattle Seahawks,Kansas City via Cleveland,Beau Stephens,OG,Iowa,Seattle Seahawks,2026-10-06
2026,5,149,Cleveland Browns,Cincinnati,Justin Jefferson,LB,Alabama,Cleveland Browns,2026-10-06
2026,5,150,Las Vegas Raiders,New Orleans,Dalton Johnson,S,Arizona,Las Vegas Raiders,2026-10-06
2026,5,151,Carolina Panthers,Miami,Zakee Wheatley,S,Penn State,Carolina Panthers,2026-10-06
2026,5,152,Denver Broncos,Dallas via San Francisco and Cleveland,Justin Joly,TE,NC State,Miami Dolphins,2026-10-06
2026,5,153,Green Bay Packers,Atlanta via Philadelphia,Jager Burton,C,Kentucky,Green Bay Packers,2026-10-06
2026,5,154,San Francisco 49ers,Baltimore,Jaden Dugger,LB,Louisiana,San Francisco 49ers,2026-10-06
2026,5,155,Tampa Bay Buccaneers,,DeMonte Capehart,DT,Clemson,Tampa Bay Buccaneers,2026-10-06
2026,5,156,Indianapolis Colts,,George Gumbs Jr.,DE,Florida,Indianapolis Colts,2026-10-06
2026,5,157,Detroit Lions,,Keith Abney II,CB,Arizona State,Detroit Lions,2026-10-06
2026,5,158,Miami Dolphins,Minnesota via Carolina,Michael Taaffe,S,Texas,Miami Dolphins,2026-10-06
2026,5,159,Minnesota Vikings,Carolina,Max Bredeson,FB,Michigan,Minnesota Vikings,2026-10-06
2026,5,160,Tampa Bay Buccaneers,Green Bay,Billy Schrauth,OG,Notre Dame,Tampa Bay Buccaneers,2026-10-06
2026,5,161,Kansas City Chiefs,Pittsburgh,Emmett Johnson,RB,Nebraska,Kansas City Chiefs,2026-10-06
2026,5,162,Baltimore Ravens,LA Chargers,Chandler Rivers,CB,Duke,Baltimore Ravens,2026-10-06
2026,5,163,Minnesota Vikings,Philadelphia,Charles Demmings,CB,Stephen F. Austin,Minnesota Vikings,2026-10-06
2026,5,164,Jacksonville Jaguars,,Tanner Koziol,TE,Houston,Jacksonville Jaguars,2026-10-06
2026,5,165,Tennessee Titans,Chicago via Buffalo,Nicholas Singleton,RB,Penn State,Tennessee Titans,2026-10-06
2026,5,166,Chicago Bears,"San Francisco via Philadelphia, Jacksonville and Carolina",Keyshaun Elliott,LB,Arizona State,Chicago Bears,2026-10-06
2026,5,167,Buffalo Bills,Houston via Philadelphia via Houston,Jalon Kilgore,S,South Carolina,Buffalo Bills,2026-10-06
2026,5,168,Detroit Lions,Buffalo,Kendrick Law,WR,Kentucky,Detroit Lions,2026-10-06
2026,5,169,Pittsburgh Steelers,LA Rams via Kansas City,Riley Nowakowski,TE,Indiana,Pittsburgh Steelers,2026-10-06
2026,5,170,Cleveland Browns,Denver,Joe Royer,TE,Cincinnati,Cleveland Browns,2026-10-06
2026,5,171,New England Patriots,,Karon Prunty,CB,Wake Forest,New England Patriots,2026-10-06
2026,5,172,New Orleans Saints,Seattle,Lorenzo Styles Jr.,S,Ohio State,New Orleans Saints,2026-10-06
2026,5,173,Baltimore Ravens,,Josh Cuevas,TE,Alabama,Baltimore Ravens,2026-10-06
2026,5,174,Baltimore Ravens,,Adam Randall,RB,Clemson,Baltimore Ravens,2026-10-06
2026,5,175,Las Vegas Raiders,,Hezekiah Masses,CB,California,Las Vegas Raiders,2026-10-06
2026,5,176,Kansas City Chiefs,,Cyrus Allen,WR,Cincinnati,Kansas City Chiefs,2026-10-06
2026,5,177,Miami Dolphins,Dallas,Kevin Coleman Jr.,WR,Missouri,Miami Dolphins,2026-10-06
2026,5,178,Philadelphia Eagles,,Cole Payton,QB,North Dakota State,Philadelphia Eagles,2026-10-06
2026,5,179,San Francisco 49ers,NY Jets,Enrique Cruz Jr.,OT,Kansas,San Francisco 49ers,2026-10-06
2026,5,180,Miami Dolphins,Dallas,Seydou Traore,TE,Mississippi State,Miami Dolphins,2026-10-06
2026,5,181,Buffalo Bills,Detroit,Zane Durant,DT,Penn State,Buffalo Bills,2026-10-06
2026,6,182,Cleveland Browns,"NY Jets via Cleveland, Jacksonville, Las Vegas, Buffalo and Denver",Taylen Green,QB,Arkansas,Cleveland Browns,2026-10-06
2026,6,183,Arizona Cardinals,,Karson Sharar,LB,Iowa,Arizona Cardinals,2026-10-06
2026,6,184,Tennessee Titans,,Jackie Marshall,DT,Baylor,Tennessee Titans,2026-10-06
2026,6,185,Tampa Bay Buccaneers,Las Vegas,Bauer Sharp,TE,LSU,Tampa Bay Buccaneers,2026-10-06
2026,6,186,New York Giants,,Bobby Jamison-Travis,DT,Auburn,New York Giants,2026-10-06
2026,6,187,Washington Commanders,,Kaytron Allen,RB,Penn State,Washington Commanders,2026-10-06
2026,6,188,New York Jets,Cleveland via Seattle,Anez Cooper,OG,Miami (FL),New York Jets,2026-10-06
2026,6,189,Cincinnati Bengals,,Brian Parker II,C,Duke,Cincinnati Bengals,2026-10-06
2026,6,190,New Orleans Saints,,Barion Brown,WR,LSU,New Orleans Saints,2026-10-06
2026,6,191,Jacksonville Jaguars,Kansas City via New England,Josh Cameron,WR,Baylor,Jacksonville Jaguars,2026-10-06
2026,6,192,New York Giants,Miami,J. C. Davis,OT,Illinois,New York Giants,2026-10-06
2026,6,193,New York Giants,Dallas,Jack Kelly,LB,BYU,New York Giants,2026-10-06
2026,6,194,Tennessee Titans,Baltimore via NY Jets,Pat Coogan,C,Indiana,Tennessee Titans,2026-10-06
2026,6,195,Las Vegas Raiders,Tampa Bay,Malik Benson,WR,Oregon,Las Vegas Raiders,2026-10-06
2026,6,196,New England Patriots,"Indianapolis via Minnesota, Carolina and Jacksonville",Dametrious Crownover,OT,Texas A&M,New England Patriots,2026-10-06
2026,6,197,Los Angeles Rams,Atlanta via Philadelphia,CJ Daniels,WR,Miami (FL),Los Angeles Rams,2026-10-06
2026,6,198,Minnesota Vikings,"Minnesota via Houston, Minnesota, San Francisco and New England",Demond Claiborne,RB,Wake Forest,Minnesota Vikings,2026-10-06
2026,6,199,Seattle Seahawks,"Detroit via Cleveland, Cincinnati and NY Jets",Emmanuel Henderson Jr.,WR,Kansas,Seattle Seahawks,2026-10-06
2026,6,200,Miami Dolphins,Carolina,DJ Campbell,OG,Texas,Miami Dolphins,2026-10-06
2026,6,201,Green Bay Packers,,Domani Jackson,CB,Alabama,Green Bay Packers,2026-10-06
2026,6,202,Los Angeles Chargers,Pittsburgh via New England,Logan Taylor,OG,Boston College,Los Angeles Chargers,2026-10-06
2026,6,203,Jacksonville Jaguars,Philadelphia via Houston and Philadelphia,CJ Williams,WR,Stanford,Jacksonville Jaguars,2026-10-06
2026,6,204,Houston Texans,LA Chargers,Lewis Bond,WR,Boston College,Houston Texans,2026-10-06
2026,6,205,Detroit Lions,Jacksonville,Skyler Gill-Howard,DT,Texas Tech,Detroit Lions,2026-10-06
2026,6,206,Los Angeles Chargers,Chicago via Cleveland,Alex Harkey,OG,Oregon,Los Angeles Chargers,2026-10-06
2026,6,207,Philadelphia Eagles,LA Rams via Houston and Tennessee,Micah Morris,OG,Georgia,Philadelphia Eagles,2026-10-06
2026,6,208,Atlanta Falcons,Buffalo and NY Jets,Anterio Thompson,DT,Washington,Atlanta Falcons,2026-10-06
2026,6,209,Washington Commanders,San Francisco,Matt Gulbin,C,Michigan State,Washington Commanders,2026-10-06
2026,6,210,Pittsburgh Steelers,LA Rams via Kansas City,Gabriel Rubio,DT,Notre Dame,Pittsburgh Steelers,2026-10-06
2026,6,211,Baltimore Ravens,"Denver via NY Jets, Minnesota and Philadelphia",Ryan Eckley,P,Michigan State,Baltimore Ravens,2026-10-06
2026,6,212,New England Patriots,,Namdi Obiazor,LB,TCU,New England Patriots,2026-10-06
2026,6,213,Chicago Bears,"Seattle via Jacksonville, Detroit and Buffalo",Jordan van den Berg,DT,Georgia Tech,Chicago Bears,2026-10-06
2026,6,214,Indianapolis Colts,Pittsburgh,Caden Curry,DE,Ohio State,Indianapolis Colts,2026-10-06
2026,6,215,Atlanta Falcons,Philadelphia,Harold Perkins Jr.,LB,LSU,Atlanta Falcons,2026-10-06
2026,6,216,Green Bay Packers,Pittsburgh via Seattle,Trey Smack,K,Florida,Green Bay Packers,2026-10-06
2026,7,217,Arizona Cardinals,,Jayden Williams,OT,Ole Miss,Arizona Cardinals,2026-10-06
2026,7,218,Dallas Cowboys,Tennessee,Anthony Smith,WR,East Carolina,Dallas Cowboys,2026-10-06
2026,7,219,New Orleans Saints,Las Vegas,TJ Hall,CB,Iowa,New Orleans Saints,2026-10-06
2026,7,220,Buffalo Bills,NY Jets,Toriano Pride Jr.,CB,Missouri,Cleveland Browns,2026-10-06
2026,7,221,Cincinnati Bengals,NY Giants via Dallas,Jack Endries,TE,Texas,Cincinnati Bengals,2026-10-06
2026,7,222,Detroit Lions,Cleveland,Tyre West,DE,Tennessee,-- Status unconfirmed,2026-10-06
2026,7,223,Washington Commanders,,Athan Kaliakmanis,QB,Rutgers,Washington Commanders,2026-10-06
2026,7,224,Pittsburgh Steelers,New Orleans via New England,Robert Spears-Jennings,S,Oklahoma,Pittsburgh Steelers,2026-10-06
2026,7,225,Tennessee Titans,Kansas City via Dallas,Jaren Kanak,TE,Oklahoma,Tennessee Titans,2026-10-06
2026,7,226,Cincinnati Bengals,,Landon Robinson,DT,Navy,Cincinnati Bengals,2026-10-06
2026,7,227,Carolina Panthers,Miami,Jackson Kuwatch,LB,Miami (OH),Carolina Panthers,2026-10-06
2026,7,228,New York Jets,Dallas via Buffalo and Las Vegas,VJ Payne,S,Kansas State,New York Jets,2026-10-06
2026,7,229,Las Vegas Raiders,Tampa Bay,Brandon Cleveland,DT,NC State,Las Vegas Raiders,2026-10-06
2026,7,230,Pittsburgh Steelers,Indianapolis,Eli Heidenreich,RB,Navy,Pittsburgh Steelers,2026-10-06
2026,7,231,Atlanta Falcons,,Ethan Onianwa,OT,Ohio State,Atlanta Falcons,2026-10-06
2026,7,232,Los Angeles Rams,Baltimore,Tim Keenan III,DT,Alabama,Las Vegas Raiders,2026-10-06
2026,7,233,Jacksonville Jaguars,Detroit,Zach Durfee,DE,Washington,Jacksonville Jaguars,2026-10-06
2026,7,234,New England Patriots,Minnesota,Behren Morton,QB,Texas Tech,New England Patriots,2026-10-06
2026,7,235,Minnesota Vikings,Carolina,Gavin Gerhardt,C,Cincinnati,Houston Texans,2026-10-06
2026,7,236,Seattle Seahawks,Green Bay,Andre Fuller,CB,Toledo,Seattle Seahawks,2026-10-06
2026,7,237,Indianapolis Colts,Pittsburgh,Seth McGowan,RB,Kentucky,Indianapolis Colts,2026-10-06
2026,7,238,Miami Dolphins,LA Chargers via Tennessee and NY Jets,Max Llewellyn,DE,Iowa,Miami Dolphins,2026-10-06
2026,7,239,Buffalo Bills,"Philadelphia via Jacksonville, Cleveland and Chicago",Tommy Doman,P,Florida,Buffalo Bills,2026-10-06
2026,7,240,Jacksonville Jaguars,,Parker Hughes,LB,Middle Tennessee,Jacksonville Jaguars,2026-10-06
2026,7,241,Buffalo Bills,Chicago,Ar'maj Reed-Adams,OG,Texas A&M,Buffalo Bills,2026-10-06
2026,7,242,Seattle Seahawks,Buffalo via Cleveland and NY Jets,Deven Eastern,DT,Minnesota,Seattle Seahawks,2026-10-06
2026,7,243,Houston Texans,San Francisco,Aiden Fisher,LB,Indiana,Houston Texans,2026-10-06
2026,7,244,Philadelphia Eagles,Houston via Minnesota,Cole Wisniewski,S,Texas Tech,Philadelphia Eagles,2026-10-06
2026,7,245,New England Patriots,LA Rams via Houston and Jacksonville,Jam Miller,RB,Alabama,-- Status unconfirmed,2026-10-06
2026,7,246,Denver Broncos,,Miles Scott,S,Illinois,Denver Broncos,2026-10-06
2026,7,247,New England Patriots,,Quintayvious Hutchins,DE,Boston College,New England Patriots,2026-10-06
2026,7,248,Cleveland Browns,Seattle,Carsen Ryan,TE,BYU,Cleveland Browns,2026-10-06
2026,7,249,Kansas City Chiefs,Indianapolis via Pittsburgh,Garrett Nussmeier,QB,LSU,Kansas City Chiefs,2026-10-06
2026,7,250,Baltimore Ravens,,Rayshaun Benny,DT,Michigan,Baltimore Ravens,2026-10-06
2026,7,251,Philadelphia Eagles,LA Rams,Uar Bernard,DT,No college,Philadelphia Eagles,2026-10-06
2026,7,252,Philadelphia Eagles,LA Rams,Keyshawn James-Newby,DE,New Mexico,Philadelphia Eagles,2026-10-06
2026,7,253,Baltimore Ravens,,Evan Beerntsen,OG,Northwestern,Seattle Seahawks,2026-10-06
2026,7,254,Indianapolis Colts,,Deion Burks,WR,Oklahoma,Indianapolis Colts,2026-10-06
2026,7,255,Seattle Seahawks,Green Bay,Michael Dansby,CB,Arizona,Seattle Seahawks,2026-10-06
2026,7,256,Denver Broncos,,Dallen Bentley,TE,Utah,Denver Broncos,2026-10-06
2026,7,257,Denver Broncos,,Red Murdock,LB,Buffalo,Denver Broncos,2026-10-06
2025,1,1,Tennessee Titans,,Cam Ward,QB,Miami (FL),Tennessee Titans,2026-10-06
2025,1,2,Jacksonville Jaguars,Cleveland,Travis Hunter,CB / WR,Colorado,Jacksonville Jaguars,2026-10-06
2025,1,3,New York Giants,,Abdul Carter,DE,Penn State,New York Giants,2026-10-06
2025,1,4,New England Patriots,,Will Campbell,OT,LSU,New England Patriots,2026-10-06
2025,1,5,Cleveland Browns,Jacksonville,Mason Graham,DT,Michigan,Cleveland Browns,2026-10-06
2025,1,6,Las Vegas Raiders,,Ashton Jeanty,RB,Boise State,Las Vegas Raiders,2026-10-06
2025,1,7,New York Jets,,Armand Membou,OT,Missouri,New York Jets,2026-10-06
2025,1,8,Carolina Panthers,,Tetairoa McMillan,WR,Arizona,Carolina Panthers,2026-10-06
2025,1,9,New Orleans Saints,,Kelvin Banks Jr.,OT,Texas,New Orleans Saints,2026-10-06
2025,1,10,Chicago Bears,,Colston Loveland,TE,Michigan,Chicago Bears,2026-10-06
2025,1,11,San Francisco 49ers,,Mykel Williams,DE,Georgia,San Francisco 49ers,2026-10-06
2025,1,12,Dallas Cowboys,,Tyler Booker,OG,Alabama,Dallas Cowboys,2026-10-06
2025,1,13,Miami Dolphins,,Kenneth Grant,DT,Michigan,Miami Dolphins,2026-10-06
2025,1,14,Indianapolis Colts,,Tyler Warren,TE,Penn State,Indianapolis Colts,2026-10-06
2025,1,15,Atlanta Falcons,,Jalon Walker,LB,Georgia,Atlanta Falcons,2026-10-06
2025,1,16,Arizona Cardinals,,Walter Nolen,DT,Ole Miss,Arizona Cardinals,2026-10-06
2025,1,17,Cincinnati Bengals,,Shemar Stewart,DE,Texas A&M,Cincinnati Bengals,2026-10-06
2025,1,18,Seattle Seahawks,,Grey Zabel,OG,North Dakota State,Seattle Seahawks,2026-10-06
2025,1,19,Tampa Bay Buccaneers,,Emeka Egbuka,WR,Ohio State,Tampa Bay Buccaneers,2026-10-06
2025,1,20,Denver Broncos,,Jahdae Barron,CB,Texas,Denver Broncos,2026-10-06
2025,1,21,Pittsburgh Steelers,,Derrick Harmon,DT,Oregon,Pittsburgh Steelers,2026-10-06
2025,1,22,Los Angeles Chargers,,Omarion Hampton,RB,North Carolina,Los Angeles Chargers,2026-10-06
2025,1,23,Green Bay Packers,,Matthew Golden,WR,Texas,Green Bay Packers,2026-10-06
2025,1,24,Minnesota Vikings,,Donovan Jackson,OG,Ohio State,Minnesota Vikings,2026-10-06
2025,1,25,New York Giants,Houston,Jaxson Dart,QB,Ole Miss,New York Giants,2026-10-06
2025,1,26,Atlanta Falcons,LA Rams,James Pearce Jr.,DE,Tennessee,Atlanta Falcons,2026-10-06
2025,1,27,Baltimore Ravens,,Malaki Starks,S,Georgia,Baltimore Ravens,2026-10-06
2025,1,28,Detroit Lions,,Tyleik Williams,DT,Ohio State,Detroit Lions,2026-10-06
2025,1,29,Washington Commanders,,Josh Conerly Jr.,OT,Oregon,Washington Commanders,2026-10-06
2025,1,30,Buffalo Bills,,Maxwell Hairston,CB,Kentucky,Buffalo Bills,2026-10-06
2025,1,31,Philadelphia Eagles,Kansas City,Jihaad Campbell,LB,Alabama,Philadelphia Eagles,2026-10-06
2025,1,32,Kansas City Chiefs,Philadelphia,Josh Simmons,OT,Ohio State,Kansas City Chiefs,2026-10-06
2025,2,33,Cleveland Browns,,Carson Schwesinger,LB,UCLA,Cleveland Browns,2026-10-06
2025,2,34,Houston Texans,NY Giants,Jayden Higgins,WR,Iowa State,Houston Texans,2026-10-06
2025,2,35,Seattle Seahawks,Tennessee,Nick Emmanwori,S,South Carolina,Seattle Seahawks,2026-10-06
2025,2,36,Cleveland Browns,Jacksonville,Quinshon Judkins,RB,Ohio State,Cleveland Browns,2026-10-06
2025,2,37,Miami Dolphins,Las Vegas,Jonah Savaiinaea,OG,Arizona,Miami Dolphins,2026-10-06
2025,2,38,New England Patriots,,TreVeyon Henderson,RB,Ohio State,New England Patriots,2026-10-06
2025,2,39,Chicago Bears,Carolina,Luther Burden III,WR,Missouri,Chicago Bears,2026-10-06
2025,2,40,New Orleans Saints,,Tyler Shough,QB,Louisville,New Orleans Saints,2026-10-06
2025,2,41,Buffalo Bills,Chicago,T. J. Sanders,DT,South Carolina,Buffalo Bills,2026-10-06
2025,2,42,New York Jets,,Mason Taylor,TE,LSU,New York Jets,2026-10-06
2025,2,43,San Francisco 49ers,,Alfred Collins,DT,Texas,San Francisco 49ers,2026-10-06
2025,2,44,Dallas Cowboys,,Donovan Ezeiruaku,DE,Boston College,Dallas Cowboys,2026-10-06
2025,2,45,Indianapolis Colts,,JT Tuimoloau,DE,Ohio State,Indianapolis Colts,2026-10-06
2025,2,46,Los Angeles Rams,Atlanta,Terrance Ferguson,TE,Oregon,Los Angeles Rams,2026-10-06
2025,2,47,Arizona Cardinals,,Will Johnson,CB,Michigan,Arizona Cardinals,2026-10-06
2025,2,48,Houston Texans,Miami via Las Vegas,Aireontae Ersery,OT,Minnesota,Houston Texans,2026-10-06
2025,2,49,Cincinnati Bengals,,Demetrius Knight,LB,South Carolina,Cincinnati Bengals,2026-10-06
2025,2,50,Seattle Seahawks,,Elijah Arroyo,TE,Miami (FL),Seattle Seahawks,2026-10-06
2025,2,51,Carolina Panthers,Denver,Nic Scourton,DE,Texas A&M,Carolina Panthers,2026-10-06
2025,2,52,Tennessee Titans,Pittsburgh via Seattle,Oluwafemi Oladejo,DE,UCLA,Tennessee Titans,2026-10-06
2025,2,53,Tampa Bay Buccaneers,,Benjamin Morrison,CB,Notre Dame,Tampa Bay Buccaneers,2026-10-06
2025,2,54,Green Bay Packers,,Anthony Belton,OT,NC State,Green Bay Packers,2026-10-06
2025,2,55,Los Angeles Chargers,,Tre Harris,WR,Ole Miss,Los Angeles Chargers,2026-10-06
2025,2,56,Chicago Bears,Minnesota via Houston and Buffalo,Ozzy Trapilo,OT,Boston College,Chicago Bears,2026-10-06
2025,2,57,Detroit Lions,LA Rams via Carolina and Denver,Tate Ratledge,OG,Georgia,Detroit Lions,2026-10-06
2025,2,58,Las Vegas Raiders,Houston,Jack Bech,WR,TCU,Las Vegas Raiders,2026-10-06
2025,2,59,Baltimore Ravens,,Mike Green,LB,Marshall,Baltimore Ravens,2026-10-06
2025,2,60,Denver Broncos,Detroit,RJ Harvey,RB,UCF,Denver Broncos,2026-10-06
2025,2,61,Washington Commanders,,Trey Amos,CB,Ole Miss,Washington Commanders,2026-10-06
2025,2,62,Chicago Bears,Buffalo,Shemar Turner,DT,Texas A&M,Chicago Bears,2026-10-06
2025,2,63,Kansas City Chiefs,,Omarr Norman-Lott,DT,Tennessee,Kansas City Chiefs,2026-10-06
2025,2,64,Philadelphia Eagles,,Andrew Mukuba,S,Texas,Philadelphia Eagles,2026-10-06
2025,3,65,New York Giants,,Darius Alexander,DT,Toledo,New York Giants,2026-10-06
2025,3,66,Kansas City Chiefs,Tennessee,Ashton Gillotte,DE,Louisville,Kansas City Chiefs,2026-10-06
2025,3,67,Cleveland Browns,,Harold Fannin Jr.,TE,Bowling Green,Cleveland Browns,2026-10-06
2025,3,68,Las Vegas Raiders,,Darien Porter,CB,Iowa State,Las Vegas Raiders,2026-10-06
2025,3,69,New England Patriots,,Kyle Williams,WR,Washington State,New England Patriots,2026-10-06
2025,3,70,Detroit Lions,Jacksonville,Isaac TeSlaa,WR,Arkansas,Detroit Lions,2026-10-06
2025,3,71,New Orleans Saints,,Vernon Broughton,DT,Texas,New Orleans Saints,2026-10-06
2025,3,72,Buffalo Bills,Chicago,Landon Jackson,DE,Arkansas,Buffalo Bills,2026-10-06
2025,3,73,New York Jets,,Azareye'h Thomas,CB,Florida State,New York Jets,2026-10-06
2025,3,74,Denver Broncos,Carolina,Pat Bryant,WR,Illinois,Denver Broncos,2026-10-06
2025,3,75,San Francisco 49ers,,Nick Martin,LB,Oklahoma State,San Francisco 49ers,2026-10-06
2025,3,76,Dallas Cowboys,,Shavon Revel,CB,East Carolina,Dallas Cowboys,2026-10-06
2025,3,77,Carolina Panthers,Atlanta via New England,Princely Umanmielen,DE,Ole Miss,Carolina Panthers,2026-10-06
2025,3,78,Arizona Cardinals,,Jordan Burch,DE,Oregon,Arizona Cardinals,2026-10-06
2025,3,79,Houston Texans,Miami via Philadelphia and Washington,Jaylin Noel,WR,Iowa State,Houston Texans,2026-10-06
2025,3,80,Indianapolis Colts,,Justin Walley,CB,Minnesota,Indianapolis Colts,2026-10-06
2025,3,81,Cincinnati Bengals,,Dylan Fairchild,OG,Georgia,Cincinnati Bengals,2026-10-06
2025,3,82,Tennessee Titans,Seattle,Kevin Winston Jr.,S,Penn State,Tennessee Titans,2026-10-06
2025,3,83,Pittsburgh Steelers,,Kaleb Johnson,RB,Iowa,Green Bay Packers,2026-10-06
2025,3,84,Tampa Bay Buccaneers,,Jacob Parrish,CB,Kansas State,Tampa Bay Buccaneers,2026-10-06
2025,3,85,Kansas City Chiefs,Denver via Carolina and New England,Nohl Williams,CB,California,Kansas City Chiefs,2026-10-06
2025,3,86,Los Angeles Chargers,,Jamaree Caldwell,DT,Oregon,Los Angeles Chargers,2026-10-06
2025,3,87,Green Bay Packers,,Savion Williams,WR,TCU,Green Bay Packers,2026-10-06
2025,3,88,Jacksonville Jaguars,Minnesota,Caleb Ransaw,CB,Tulane,Jacksonville Jaguars,2026-10-06
2025,3,89,Jacksonville Jaguars,Houston,Wyatt Milum,OG,West Virginia,Jacksonville Jaguars,2026-10-06
2025,3,90,Los Angeles Rams,,Josaiah Stewart,DE,Michigan,Los Angeles Rams,2026-10-06
2025,3,91,Baltimore Ravens,,Emery Jones Jr.,OT,LSU,Baltimore Ravens,2026-10-06
2025,3,92,Seattle Seahawks,Detroit via NY Jets and Las Vegas,Jalen Milroe,QB,Alabama,Seattle Seahawks,2026-10-06
2025,3,93,New Orleans Saints,Washington,Jonas Sanker,S,Virginia,New Orleans Saints,2026-10-06
2025,3,94,Cleveland Browns,Buffalo,Dillon Gabriel,QB,Oregon,Cleveland Browns,2026-10-06
2025,3,95,New England Patriots,Kansas City,Jared Wilson,C,Georgia,New England Patriots,2026-10-06
2025,3,96,Atlanta Falcons,Philadelphia,Xavier Watts,S,Notre Dame,Atlanta Falcons,2026-10-06
2025,3,97,Houston Texans,Minnesota,Jaylin Smith,CB,USC,Houston Texans,2026-10-06
2025,3,98,Las Vegas Raiders,Miami,Caleb Rogers,OG,Texas Tech,Las Vegas Raiders,2026-10-06
2025,3,99,Las Vegas Raiders,NY Giants via Houston,Charles Grant,OT,William & Mary,Las Vegas Raiders,2026-10-06
2025,3,100,San Francisco 49ers,,Upton Stout,CB,Western Kentucky,San Francisco 49ers,2026-10-06
2025,3,101,Denver Broncos,LA Rams via Atlanta and Philadelphia,Sai'vion Jones,DE,LSU,Denver Broncos,2026-10-06
2025,3,102,Minnesota Vikings,Detroit via Jacksonville and Houston,Tai Felton,WR,Maryland,Minnesota Vikings,2026-10-06
2025,4,103,Tennessee Titans,,Chimere Dike,WR,Florida,Tennessee Titans,2026-10-06
2025,4,104,Jacksonville Jaguars,Cleveland,Bhayshul Tuten,RB,Virginia Tech,Jacksonville Jaguars,2026-10-06
2025,4,105,New York Giants,,Cam Skattebo,RB,Arizona State,New York Giants,2026-10-06
2025,4,106,New England Patriots,,Craig Woodson,S,California,New England Patriots,2026-10-06
2025,4,107,Jacksonville Jaguars,,Jack Kiser,LB,Notre Dame,Jacksonville Jaguars,2026-10-06
2025,4,108,Las Vegas Raiders,,Dont'e Thornton,WR,Tennessee,Las Vegas Raiders,2026-10-06
2025,4,109,Buffalo Bills,Chicago via Buffalo and Chicago,Deone Walker,DT,Kentucky,Buffalo Bills,2026-10-06
2025,4,110,New York Jets,,Arian Smith,WR,Georgia,New York Jets,2026-10-06
2025,4,111,Philadelphia Eagles,Carolina via Denver,Ty Robinson,DT,Nebraska,Philadelphia Eagles,2026-10-06
2025,4,112,New Orleans Saints,,Danny Stutsman,LB,Oklahoma,New Orleans Saints,2026-10-06
2025,4,113,San Francisco 49ers,,CJ West,DT,Indiana,San Francisco 49ers,2026-10-06
2025,4,114,Carolina Panthers,Dallas,Trevor Etienne,RB,Georgia,Carolina Panthers,2026-10-06
2025,4,115,Arizona Cardinals,,Cody Simon,LB,Ohio State,Arizona Cardinals,2026-10-06
2025,4,116,Houston Texans,Miami,Woody Marks,RB,USC,Houston Texans,2026-10-06
2025,4,117,Los Angeles Rams,Indianapolis,Jarquez Hunter,RB,Auburn,Miami Dolphins,2026-10-06
2025,4,118,Atlanta Falcons,,Billy Bowman Jr.,S,Oklahoma,Atlanta Falcons,2026-10-06
2025,4,119,Cincinnati Bengals,,Barrett Carter,LB,Clemson,Cincinnati Bengals,2026-10-06
2025,4,120,Tennessee Titans,Seattle,Gunnar Helm,TE,Texas,Tennessee Titans,2026-10-06
2025,4,121,Tampa Bay Buccaneers,,David Walker,LB,Central Arkansas,Tampa Bay Buccaneers,2026-10-06
2025,4,122,Carolina Panthers,Denver,Lathan Ransom,S,Ohio State,Carolina Panthers,2026-10-06
2025,4,123,Pittsburgh Steelers,,Jack Sawyer,DE,Ohio State,Pittsburgh Steelers,2026-10-06
2025,4,124,Green Bay Packers,,Barryn Sorrell,DE,Texas,Green Bay Packers,2026-10-06
2025,4,125,Los Angeles Chargers,,Kyle Kennard,LB,South Carolina,-- Free agent,2026-10-06
2025,4,126,Cleveland Browns,Minnesota via Jacksonville,Dylan Sampson,RB,Tennessee,Cleveland Browns,2026-10-06
2025,4,127,Indianapolis Colts,LA Rams,Jalen Travis,OT,Iowa State,Indianapolis Colts,2026-10-06
2025,4,128,Washington Commanders,Houston,Jaylin Lane,WR,Virginia Tech,Washington Commanders,2026-10-06
2025,4,129,Baltimore Ravens,,Teddye Buchanan,LB,California,Baltimore Ravens,2026-10-06
2025,4,130,New York Jets,Detroit via Denver and Philadelphia,Malachi Moore,S,Alabama,New York Jets,2026-10-06
2025,4,131,New Orleans Saints,Washington,Quincy Riley,CB,Louisville,New Orleans Saints,2026-10-06
2025,4,132,Chicago Bears,Buffalo,Ruben Hyppolite II,LB,Maryland,Chicago Bears,2026-10-06
2025,4,133,Kansas City Chiefs,,Jalen Royals,WR,Utah State,Kansas City Chiefs,2026-10-06
2025,4,134,Denver Broncos,Philadelphia via Detroit and Philadelphia,Que Robinson,LB,Alabama,Denver Broncos,2026-10-06
2025,4,135,Las Vegas Raiders,Miami,Tonka Hemingway,DT,South Carolina,Las Vegas Raiders,2026-10-06
2025,4,136,Tennessee Titans,Baltimore,Elic Ayomanor,WR,Stanford,Tennessee Titans,2026-10-06
2025,4,137,New England Patriots,Seattle,Joshua Farmer,DT,Florida State,New England Patriots,2026-10-06
2025,4,138,San Francisco 49ers,,Jordan Watkins,WR,Ole Miss,San Francisco 49ers,2026-10-06
2025,5,139,Minnesota Vikings,Cleveland,Tyrion Ingram-Dawkins,DE,Georgia,Minnesota Vikings,2026-10-06
2025,5,140,Carolina Panthers,NY Giants,Cam Jackson,DT,Florida,Carolina Panthers,2026-10-06
2025,5,141,Baltimore Ravens,Tennessee,Carson Vinson,OT,Alabama A&M,Baltimore Ravens,2026-10-06
2025,5,142,Seattle Seahawks,Jacksonville via Houston and Minnesota,Rylie Mills,DT,Notre Dame,Seattle Seahawks,2026-10-06
2025,5,143,Miami Dolphins,Las Vegas,Jordan Phillips,DT,Maryland,Miami Dolphins,2026-10-06
2025,5,144,Cleveland Browns,New England via Seattle,Shedeur Sanders,QB,Colorado,Cleveland Browns,2026-10-06
2025,5,145,Philadelphia Eagles,NY Jets,Mac McWilliams,CB,UCF,Philadelphia Eagles,2026-10-06
2025,5,146,New England Patriots,Carolina,Bradyn Swinson,DE,LSU,Pittsburgh Steelers,2026-10-06
2025,5,147,San Francisco 49ers,New Orleans via Washington,Jordan James,RB,Oregon,San Francisco 49ers,2026-10-06
2025,5,148,Los Angeles Rams,Chicago,Ty Hamilton,DT,Ohio State,Los Angeles Rams,2026-10-06
2025,5,149,Dallas Cowboys,,Jaydon Blue,RB,Texas,Philadelphia Eagles,2026-10-06
2025,5,150,Miami Dolphins,,Jason Marshall Jr.,CB,Florida,Miami Dolphins,2026-10-06
2025,5,151,Indianapolis Colts,,DJ Giddens,RB,Kansas State,Indianapolis Colts,2026-10-06
2025,5,152,Dallas Cowboys,Arizona,Shemar James,LB,Florida,Dallas Cowboys,2026-10-06
2025,5,153,Cincinnati Bengals,,Jalen Rivers,OG,Miami (FL),Cincinnati Bengals,2026-10-06
2025,5,154,New York Giants,Seattle,Marcus Mbow,OG,Purdue,New York Giants,2026-10-06
2025,5,155,Miami Dolphins,Denver,Dante Trader Jr.,S,Maryland,Miami Dolphins,2026-10-06
2025,5,156,Kansas City Chiefs,Pittsburgh,Jeffrey Bassa,LB,Oregon,Kansas City Chiefs,2026-10-06
2025,5,157,Tampa Bay Buccaneers,,Elijah Roberts,DE,SMU,Tampa Bay Buccaneers,2026-10-06
2025,5,158,Los Angeles Chargers,,KeAndre Lambert-Smith,WR,Auburn,Los Angeles Chargers,2026-10-06
2025,5,159,Green Bay Packers,,Collin Oliver,LB,Oklahoma State,Green Bay Packers,2026-10-06
2025,5,160,San Francisco 49ers,Minnesota,Marques Sigle,S,Kansas State,San Francisco 49ers,2026-10-06
2025,5,161,Philadelphia Eagles,Houston,Smael Mondon Jr.,LB,Georgia,Philadelphia Eagles,2026-10-06
2025,5,162,New York Jets,LA Rams via Pittsburgh,Francisco Mauigoa,LB,Miami (FL),New York Jets,2026-10-06
2025,5,163,Carolina Panthers,Baltimore,Mitchell Evans,TE,Notre Dame,Carolina Panthers,2026-10-06
2025,5,164,Pittsburgh Steelers,"Detroit via Cleveland, Philadelphia and Kansas City",Yahya Black,DT,Iowa,Pittsburgh Steelers,2026-10-06
2025,5,165,Los Angeles Chargers,Washington via Philadelphia,Oronde Gadsden II,TE,Syracuse,Los Angeles Chargers,2026-10-06
2025,5,166,Seattle Seahawks,Buffalo via Houston and Cleveland,Tory Horton,WR,Colorado State,Seattle Seahawks,2026-10-06
2025,5,167,Tennessee Titans,Kansas City,Jackson Slater,OG,Sacramento State,Tennessee Titans,2026-10-06
2025,5,168,Philadelphia Eagles,,Drew Kendall,C,Boston College,Philadelphia Eagles,2026-10-06
2025,5,169,Chicago Bears,Buffalo,Zah Frazier,CB,UTSA,-- Free agent,2026-10-06
2025,5,170,Buffalo Bills,Dallas,Jordan Hancock,CB,Ohio State,Buffalo Bills,2026-10-06
2025,5,171,Detroit Lions,Dallas via New England,Miles Frazier,OG,LSU,Detroit Lions,2026-10-06
2025,5,172,Los Angeles Rams,Seattle via Minnesota,Chris Paul Jr.,LB,Ole Miss,-- Free agent,2026-10-06
2025,5,173,Buffalo Bills,,Jackson Hawes,TE,Georgia Tech,Buffalo Bills,2026-10-06
2025,5,174,Arizona Cardinals,Dallas,Denzel Burke,CB,Ohio State,Arizona Cardinals,2026-10-06
2025,5,175,Seattle Seahawks,,Robbie Ouzts,FB,Alabama,Seattle Seahawks,2026-10-06
2025,5,176,New York Jets,Baltimore,Tyler Baron,DE,Miami (FL),New York Jets,2026-10-06
2025,6,177,Buffalo Bills,NY Giants,Dorian Strong,CB,Virginia Tech,Buffalo Bills,2026-10-06
2025,6,178,Baltimore Ravens,Tennessee,Bilhal Kone,CB,Western Michigan,Baltimore Ravens,2026-10-06
2025,6,179,Miami Dolphins,Cleveland via Houston,Ollie Gordon II,RB,Oklahoma State,Miami Dolphins,2026-10-06
2025,6,180,Las Vegas Raiders,,JJ Pegues,DT,Ole Miss,Las Vegas Raiders,2026-10-06
2025,6,181,Philadelphia Eagles,New England via LA Chargers,Kyle McCord,QB,Syracuse,Miami Dolphins,2026-10-06
2025,6,182,New England Patriots,Jacksonville via Detroit,Andrés Borregales,K,Miami (FL),New England Patriots,2026-10-06
2025,6,183,Tennessee Titans,Carolina via Baltimore,Marcus Harris,CB,California,Tennessee Titans,2026-10-06
2025,6,184,New Orleans Saints,New Orleans via Washington,Devin Neal,RB,Kansas,Minnesota Vikings,2026-10-06
2025,6,185,Pittsburgh Steelers,Chicago via Seattle,Will Howard,QB,Ohio State,Pittsburgh Steelers,2026-10-06
2025,6,186,Baltimore Ravens,NY Jets,Tyler Loop,K,Arizona,Baltimore Ravens,2026-10-06
2025,6,187,Houston Texans,San Francisco via Minnesota,Jaylen Reed,S,Penn State,New England Patriots,2026-10-06
2025,6,188,Tennessee Titans,Dallas,Kalel Mullings,RB,Michigan,Tennessee Titans,2026-10-06
2025,6,189,Indianapolis Colts,,Riley Leonard,QB,Notre Dame,Indianapolis Colts,2026-10-06
2025,6,190,Indianapolis Colts,Atlanta via LA Rams,Tim Smith,DT,Alabama,Indianapolis Colts,2026-10-06
2025,6,191,Philadelphia Eagles,Arizona via Denver,Myles Hinton,OT,Michigan,Cincinnati Bengals,2026-10-06
2025,6,192,Seattle Seahawks,Miami via Chicago and Cleveland,Bryce Cabeldue,OG,Kansas,Las Vegas Raiders,2026-10-06
2025,6,193,Cincinnati Bengals,,Tahj Brooks,RB,Texas Tech,Cincinnati Bengals,2026-10-06
2025,6,194,Jacksonville Jaguars,Seattle,Jalen McLeod,LB,Auburn,Jacksonville Jaguars,2026-10-06
2025,6,195,Chicago Bears,Pittsburgh via LA Rams,Luke Newman,OG,Michigan State,Chicago Bears,2026-10-06
2025,6,196,Detroit Lions,Tampa Bay,Ahmed Hassanein,DE,Boise State,Detroit Lions,2026-10-06
2025,6,197,Houston Texans,Denver,Graham Mertz,QB,Florida,Houston Texans,2026-10-06
2025,6,198,Green Bay Packers,,Warren Brinson,DT,Georgia,Green Bay Packers,2026-10-06
2025,6,199,Los Angeles Chargers,,Branson Taylor,OT,Pittsburgh,Los Angeles Chargers,2026-10-06
2025,6,200,Jacksonville Jaguars,Minnesota via Cleveland,Rayuan Lane III,S,Navy,Jacksonville Jaguars,2026-10-06
2025,6,201,Minnesota Vikings,LA Rams,Kobe King,LB,Penn State,-- Free agent,2026-10-06
2025,6,202,Minnesota Vikings,"Houston via Pittsburgh, Chicago and LA Rams",Gavin Bartholomew,TE,Pittsburgh,Minnesota Vikings,2026-10-06
2025,6,203,Baltimore Ravens,,LaJohntay Wester,WR,Colorado,Baltimore Ravens,2026-10-06
2025,6,204,Dallas Cowboys,Detroit via Cleveland and Buffalo,Ajani Cornelius,OT,Oregon,Dallas Cowboys,2026-10-06
2025,6,205,Washington Commanders,,Kain Medrano,LB,UCLA,Washington Commanders,2026-10-06
2025,6,206,Buffalo Bills,,Chase Lundt,OT,UConn,Buffalo Bills,2026-10-06
2025,6,207,Philadelphia Eagles,Kansas City via NY Jets,Cameron Williams,OT,Texas,Atlanta Falcons,2026-10-06
2025,6,208,Carolina Panthers,Philadelphia via Denver,Jimmy Horn Jr.,WR,Colorado,Cleveland Browns,2026-10-06
2025,6,209,Philadelphia Eagles,LA Chargers,Antwaun Powell-Ryland,DE,Virginia Tech,-- Free agent,2026-10-06
2025,6,210,Baltimore Ravens,,Aeneas Peebles,DT,Virginia Tech,Baltimore Ravens,2026-10-06
2025,6,211,Arizona Cardinals,Dallas,Hayden Conner,OG,Texas,Arizona Cardinals,2026-10-06
2025,6,212,Baltimore Ravens,,Robert Longerbeam,CB,Rutgers,Atlanta Falcons,2026-10-06
2025,6,213,Las Vegas Raiders,,Tommy Mellott,WR,Montana State,-- Free agent,2026-10-06
2025,6,214,Los Angeles Chargers,,R. J. Mickens,S,Clemson,Los Angeles Chargers,2026-10-06
2025,6,215,Las Vegas Raiders,,Cam Miller,QB,North Dakota State,-- Free agent,2026-10-06
2025,6,216,Denver Broncos,Cleveland via Houston,Jeremy Crawshaw,P,Florida,Denver Broncos,2026-10-06
2025,7,217,Dallas Cowboys,Tennessee via New England,Jay Toia,DT,UCLA,Arizona Cardinals,2026-10-06
2025,7,218,Atlanta Falcons,Cleveland via LA Chargers,Jack Nelson,OT,Wisconsin,Minnesota Vikings,2026-10-06
2025,7,219,New York Giants,,Thomas Fidone,TE,Nebraska,New York Giants,2026-10-06
2025,7,220,New England Patriots,,Marcus Bryant,OT,Missouri,New England Patriots,2026-10-06
2025,7,221,Jacksonville Jaguars,,Jonah Monheim,C,USC,Jacksonville Jaguars,2026-10-06
2025,7,222,Las Vegas Raiders,,Cody Lindenberg,LB,Minnesota,Las Vegas Raiders,2026-10-06
2025,7,223,Seattle Seahawks,New Orleans via Philadelphia and Pittsburgh,Damien Martinez,RB,Miami (FL),-- Free agent,2026-10-06
2025,7,224,Houston Texans,Chicago,Kyonte Hamilton,DT,Rutgers,-- Free agent,2026-10-06
2025,7,225,Arizona Cardinals,NY Jets via Kansas City,Kitan Crawford,S,Nevada,Arizona Cardinals,2026-10-06
2025,7,226,Pittsburgh Steelers,Carolina via Kansas City,Carson Bruener,LB,Washington,Pittsburgh Steelers,2026-10-06
2025,7,227,San Francisco 49ers,,Kurtis Rourke,QB,Indiana,San Francisco 49ers,2026-10-06
2025,7,228,Kansas City Chiefs,Dallas via Detroit and New England,Brashard Smith,RB,SMU,Kansas City Chiefs,2026-10-06
2025,7,229,Pittsburgh Steelers,Atlanta via Philadelphia,Donte Kent,CB,Central Michigan,Pittsburgh Steelers,2026-10-06
2025,7,230,Detroit Lions,Arizona via Carolina and Denver,Dan Jackson,S,Georgia,-- Free agent,2026-10-06
2025,7,231,Miami Dolphins,,Quinn Ewers,QB,Texas,Jacksonville Jaguars,2026-10-06
2025,7,232,Indianapolis Colts,,Hunter Wohler,S,Wisconsin,Indianapolis Colts,2026-10-06
2025,7,233,Chicago Bears,Cincinnati,Kyle Monangai,RB,Rutgers,Chicago Bears,2026-10-06
2025,7,234,Seattle Seahawks,,Mason Richman,OT,Iowa,Seattle Seahawks,2026-10-06
2025,7,235,Tampa Bay Buccaneers,,Tez Johnson,WR,Oregon,Tampa Bay Buccaneers,2026-10-06
2025,7,236,Jacksonville Jaguars,"Denver via Philadelphia, Washington and Houston",LeQuint Allen,RB,Syracuse,Jacksonville Jaguars,2026-10-06
2025,7,237,Green Bay Packers,Pittsburgh,Micah Robinson,CB,Tulane,Tennessee Titans,2026-10-06
2025,7,238,Seattle Seahawks,LA Chargers via New England,Ricky White III,WR,UNLV,Seattle Seahawks,2026-10-06
2025,7,239,Dallas Cowboys,Green Bay via Tennessee,Phil Mafah,RB,Clemson,New York Giants,2026-10-06
2025,7,240,Buffalo Bills,Minnesota via Cleveland and Chicago,Kaden Prather,WR,Maryland,-- Status unconfirmed,2026-10-06
2025,7,241,Denver Broncos,Houston,Caleb Lohner,TE,Utah,Denver Broncos,2026-10-06
2025,7,242,Los Angeles Rams,LA Rams via Atlanta,Konata Mumpfield,WR,Pittsburgh,Los Angeles Rams,2026-10-06
2025,7,243,Baltimore Ravens,,Garrett Dellinger,OG,LSU,Tennessee Titans,2026-10-06
2025,7,244,Detroit Lions,,Dominic Lovett,WR,Georgia,Detroit Lions,2026-10-06
2025,7,245,Washington Commanders,,Jacory Croskey-Merritt,RB,Arizona,Washington Commanders,2026-10-06
2025,7,246,New York Giants,Buffalo,Korie Black,CB,Oklahoma State,New York Giants,2026-10-06
2025,7,247,Dallas Cowboys,Kansas City via Carolina,Tommy Akingbesote,DT,Maryland,-- Free agent,2026-10-06
2025,7,248,New Orleans Saints,Philadelphia via Washington,Moliki Matavao,TE,UCLA,New Orleans Saints,2026-10-06
2025,7,249,San Francisco 49ers,,Connor Colby,OG,Iowa,San Francisco 49ers,2026-10-06
2025,7,250,Green Bay Packers,,John Williams,OG,Cincinnati,Green Bay Packers,2026-10-06
2025,7,251,New England Patriots,Kansas City,Julian Ashby,LS,Vanderbilt,New England Patriots,2026-10-06
2025,7,252,San Francisco 49ers,,Junior Bergen,WR,Montana,-- Free agent,2026-10-06
2025,7,253,Miami Dolphins,,Zeek Biggers,DT,Georgia Tech,Miami Dolphins,2026-10-06
2025,7,254,New Orleans Saints,,Fadil Diggs,DE,Syracuse,New Orleans Saints,2026-10-06
2025,7,255,Houston Texans,Cleveland,Luke Lachey,TE,Iowa,-- Inactive,2026-10-06
2025,7,256,Los Angeles Chargers,,Trikweze Bridges,CB,Florida,Cincinnati Bengals,2026-10-06
2025,7,257,New England Patriots,Kansas City,Kobee Minor,CB,Memphis,-- Free agent,2026-10-06
2024,1,1,Chicago Bears,Carolina,Caleb Williams,QB,USC,Chicago Bears,2026-10-06
2024,1,2,Washington Commanders,,Jayden Daniels,QB,LSU,Washington Commanders,2026-10-06
2024,1,3,New England Patriots,,Drake Maye,QB,North Carolina,New England Patriots,2026-10-06
2024,1,4,Arizona Cardinals,,Marvin Harrison Jr.,WR,Ohio State,Arizona Cardinals,2026-10-06
2024,1,5,Los Angeles Chargers,,Joe Alt,OT,Notre Dame,Los Angeles Chargers,2026-10-06
2024,1,6,New York Giants,,Malik Nabers,WR,LSU,New York Giants,2026-10-06
2024,1,7,Tennessee Titans,,JC Latham,OT,Alabama,Tennessee Titans,2026-10-06
2024,1,8,Atlanta Falcons,,Michael Penix Jr.,QB,Washington,Atlanta Falcons,2026-10-06
2024,1,9,Chicago Bears,,Rome Odunze,WR,Washington,Chicago Bears,2026-10-06
2024,1,10,Minnesota Vikings,NY Jets,J. J. McCarthy,QB,Michigan,New York Giants,2026-10-06
2024,1,11,New York Jets,Minnesota,Olu Fashanu,OT,Penn State,New York Jets,2026-10-06
2024,1,12,Denver Broncos,,Bo Nix,QB,Oregon,Denver Broncos,2026-10-06
2024,1,13,Las Vegas Raiders,,Brock Bowers,TE,Georgia,Las Vegas Raiders,2026-10-06
2024,1,14,New Orleans Saints,,Taliese Fuaga,OT,Oregon State,New Orleans Saints,2026-10-06
2024,1,15,Indianapolis Colts,,Laiatu Latu,DE,UCLA,Indianapolis Colts,2026-10-06
2024,1,16,Seattle Seahawks,,Byron Murphy II,DT,Texas,Seattle Seahawks,2026-10-06
2024,1,17,Minnesota Vikings,Jacksonville,Dallas Turner,DE,Alabama,Minnesota Vikings,2026-10-06
2024,1,18,Cincinnati Bengals,,Amarius Mims,OT,Georgia,Cincinnati Bengals,2026-10-06
2024,1,19,Los Angeles Rams,,Jared Verse,DE,Florida State,Cleveland Browns,2026-10-06
2024,1,20,Pittsburgh Steelers,,Troy Fautanu,OT,Washington,Pittsburgh Steelers,2026-10-06
2024,1,21,Miami Dolphins,,Chop Robinson,DE,Penn State,Miami Dolphins,2026-10-06
2024,1,22,Philadelphia Eagles,,Quinyon Mitchell,CB,Toledo,Philadelphia Eagles,2026-10-06
2024,1,23,Jacksonville Jaguars,Cleveland via Houston and Minnesota,Brian Thomas Jr.,WR,LSU,Jacksonville Jaguars,2026-10-06
2024,1,24,Detroit Lions,Dallas,Terrion Arnold,CB,Alabama,Seattle Seahawks,2026-10-06
2024,1,25,Green Bay Packers,,Jordan Morgan,OT,Arizona,Green Bay Packers,2026-10-06
2024,1,26,Tampa Bay Buccaneers,,Graham Barton,C,Duke,Tampa Bay Buccaneers,2026-10-06
2024,1,27,Arizona Cardinals,Houston,Darius Robinson,DE,Missouri,Arizona Cardinals,2026-10-06
2024,1,28,Kansas City Chiefs,Buffalo,Xavier Worthy,WR,Texas,Kansas City Chiefs,2026-10-06
2024,1,29,Dallas Cowboys,Detroit,Tyler Guyton,OT,Oklahoma,Dallas Cowboys,2026-10-06
2024,1,30,Baltimore Ravens,,Nate Wiggins,CB,Clemson,Baltimore Ravens,2026-10-06
2024,1,31,San Francisco 49ers,,Ricky Pearsall,WR,Florida,San Francisco 49ers,2026-10-06
2024,1,32,Carolina Panthers,Kansas City via Buffalo,Xavier Legette,WR,South Carolina,Carolina Panthers,2026-10-06
2024,2,33,Buffalo Bills,Carolina,Keon Coleman,WR,Florida State,Buffalo Bills,2026-10-06
2024,2,34,Los Angeles Chargers,New England,Ladd McConkey,WR,Georgia,Los Angeles Chargers,2026-10-06
2024,2,35,Atlanta Falcons,Arizona,Ruke Orhorhoro,DT,Clemson,Jacksonville Jaguars,2026-10-06
2024,2,36,Washington Commanders,,Jer'Zhan Newton,DT,Illinois,Washington Commanders,2026-10-06
2024,2,37,New England Patriots,LA Chargers,Ja'Lynn Polk,WR,Washington,-- Inactive,2026-10-06
2024,2,38,Tennessee Titans,,T'Vondre Sweat,DT,Texas,New York Jets,2026-10-06
2024,2,39,Los Angeles Rams,NY Giants via Carolina,Braden Fiske,DT,Florida State,Los Angeles Rams,2026-10-06
2024,2,40,Philadelphia Eagles,Chicago via Washington,Cooper DeJean,CB,Iowa,Philadelphia Eagles,2026-10-06
2024,2,41,New Orleans Saints,NY Jets via Green Bay,Kool-Aid McKinstry,CB,Alabama,New Orleans Saints,2026-10-06
2024,2,42,Houston Texans,Minnesota,Kamari Lassiter,CB,Georgia,Houston Texans,2026-10-06
2024,2,43,Arizona Cardinals,Atlanta,Max Melton,CB,Rutgers,Arizona Cardinals,2026-10-06
2024,2,44,Las Vegas Raiders,,Jackson Powers-Johnson,OG,Oregon,Las Vegas Raiders,2026-10-06
2024,2,45,Green Bay Packers,Denver via New Orleans,Edgerrin Cooper,LB,Texas A&M,Green Bay Packers,2026-10-06
2024,2,46,Carolina Panthers,Indianapolis,Jonathon Brooks,RB,Texas,Carolina Panthers,2026-10-06
2024,2,47,New York Giants,Seattle,Tyler Nubin,S,Minnesota,New York Giants,2026-10-06
2024,2,48,Jacksonville Jaguars,,Maason Smith,DT,LSU,Atlanta Falcons,2026-10-06
2024,2,49,Cincinnati Bengals,,Kris Jenkins Jr.,DT,Michigan,Cincinnati Bengals,2026-10-06
2024,2,50,Washington Commanders,New Orleans via Philadelphia,Mike Sainristil,CB,Michigan,Washington Commanders,2026-10-06
2024,2,51,Pittsburgh Steelers,,Zach Frazier,C,West Virginia,Pittsburgh Steelers,2026-10-06
2024,2,52,Indianapolis Colts,LA Rams via Carolina,Adonai Mitchell,WR,Texas,New York Jets,2026-10-06
2024,2,53,Washington Commanders,Philadelphia,Ben Sinnott,TE,Kansas State,Washington Commanders,2026-10-06
2024,2,54,Cleveland Browns,,Mike Hall Jr.,DT,Ohio State,Cleveland Browns,2026-10-06
2024,2,55,Miami Dolphins,,Patrick Paul,OT,Houston,Miami Dolphins,2026-10-06
2024,2,56,Dallas Cowboys,,Marshawn Kneeland,DE,Western Michigan,-- Inactive,2026-10-06
2024,2,57,Tampa Bay Buccaneers,,Chris Braswell,DE,Alabama,Houston Texans,2026-10-06
2024,2,58,Green Bay Packers,,Javon Bullard,S,Georgia,Green Bay Packers,2026-10-06
2024,2,59,Houston Texans,,Blake Fisher,OT,Notre Dame,Houston Texans,2026-10-06
2024,2,60,Buffalo Bills,,Cole Bishop,S,Utah,Buffalo Bills,2026-10-06
2024,2,61,Detroit Lions,,Ennis Rakestraw Jr.,CB,Missouri,Detroit Lions,2026-10-06
2024,2,62,Baltimore Ravens,,Roger Rosengarten,OT,Washington,Baltimore Ravens,2026-10-06
2024,2,63,Kansas City Chiefs,San Francisco,Kingsley Suamataia,OT,BYU,Kansas City Chiefs,2026-10-06
2024,2,64,San Francisco 49ers,Kansas City,Renardo Green,CB,Florida State,San Francisco 49ers,2026-10-06
2024,3,65,New York Jets,Carolina,Malachi Corley,WR,Western Kentucky,Cleveland Browns,2026-10-06
2024,3,66,Arizona Cardinals,,Trey Benson,RB,Florida State,Arizona Cardinals,2026-10-06
2024,3,67,Washington Commanders,,Brandon Coleman,OT,TCU,Washington Commanders,2026-10-06
2024,3,68,New England Patriots,,Caedan Wallace,OT,Penn State,Miami Dolphins,2026-10-06
2024,3,69,Los Angeles Chargers,,Junior Colson,LB,Michigan,Los Angeles Chargers,2026-10-06
2024,3,70,New York Giants,,Andru Phillips,CB,Kentucky,New York Giants,2026-10-06
2024,3,71,Arizona Cardinals,Tennessee,Isaiah Adams,OG,Illinois,Arizona Cardinals,2026-10-06
2024,3,72,Carolina Panthers,NY Jets,Trevin Wallace,LB,Kentucky,New York Jets,2026-10-06
2024,3,73,Dallas Cowboys,Minnesota via Detroit,Cooper Beebe,OG,Kansas State,Dallas Cowboys,2026-10-06
2024,3,74,Atlanta Falcons,,Bralen Trice,OLB,Washington,Atlanta Falcons,2026-10-06
2024,3,75,Chicago Bears,,Kiran Amegadjie,OT,Yale,Philadelphia Eagles,2026-10-06
2024,3,76,Denver Broncos,,Jonah Elliss,DE,Utah,Denver Broncos,2026-10-06
2024,3,77,Las Vegas Raiders,,DJ Glaze,OT,Maryland,Las Vegas Raiders,2026-10-06
2024,3,78,Houston Texans,Seattle via Washington and Philadelphia,Calen Bullock,S,USC,Houston Texans,2026-10-06
2024,3,79,Indianapolis Colts,Jacksonville via Atlanta and Arizona,Matt Goncalves,OT,Pittsburgh,Indianapolis Colts,2026-10-06
2024,3,80,Cincinnati Bengals,,Jermaine Burton,WR,Alabama,-- Free agent,2026-10-06
2024,3,81,Seattle Seahawks,New Orleans via Denver,Christian Haynes,OG,UConn,Seattle Seahawks,2026-10-06
2024,3,82,Arizona Cardinals,Indianapolis,Tip Reiman,TE,Illinois,Arizona Cardinals,2026-10-06
2024,3,83,Los Angeles Rams,,Blake Corum,RB,Michigan,Los Angeles Rams,2026-10-06
2024,3,84,Pittsburgh Steelers,,Roman Wilson,WR,Michigan,Pittsburgh Steelers,2026-10-06
2024,3,85,Cleveland Browns,,Zak Zinter,OG,Michigan,Cleveland Browns,2026-10-06
2024,3,86,San Francisco 49ers,Philadelphia via Houston and Philadelphia,Dominick Puni,OG,Kansas,San Francisco 49ers,2026-10-06
2024,3,87,Dallas Cowboys,,Marist Liufau,LB,Notre Dame,Dallas Cowboys,2026-10-06
2024,3,88,Green Bay Packers,,MarShawn Lloyd,RB,USC,Green Bay Packers,2026-10-06
2024,3,89,Tampa Bay Buccaneers,,Tykee Smith,S,Georgia,Tampa Bay Buccaneers,2026-10-06
2024,3,90,Arizona Cardinals,Houston,Elijah Jones,CB,Boston College,-- Free agent,2026-10-06
2024,3,91,Green Bay Packers,Buffalo,Ty'Ron Hopper,LB,Missouri,Green Bay Packers,2026-10-06
2024,3,92,Tampa Bay Buccaneers,Detroit,Jalen McMillan,WR,Washington,Tampa Bay Buccaneers,2026-10-06
2024,3,93,Baltimore Ravens,,Adisa Isaac,DE,Penn State,Baltimore Ravens,2026-10-06
2024,3,94,Philadelphia Eagles,San Francisco,Jalyx Hunt,DE,Houston Christian,Philadelphia Eagles,2026-10-06
2024,3,95,Buffalo Bills,Kansas City,DeWayne Carter,DT,Duke,Buffalo Bills,2026-10-06
2024,3,96,Jacksonville Jaguars,,Jarrian Jones,CB,Florida State,Jacksonville Jaguars,2026-10-06
2024,3,97,Cincinnati Bengals,,McKinnley Jackson,DT,Texas A&M,San Francisco 49ers,2026-10-06
2024,3,98,Pittsburgh Steelers,Philadelphia,Payton Wilson,LB,NC State,Pittsburgh Steelers,2026-10-06
2024,3,99,Los Angeles Rams,,Kamren Kinchens,S,Miami (FL),Los Angeles Rams,2026-10-06
2024,3,100,Washington Commanders,San Francisco,Luke McCaffrey,WR,Rice,Washington Commanders,2026-10-06
2024,4,101,Carolina Panthers,,Ja'Tavion Sanders,TE,Texas,Carolina Panthers,2026-10-06
2024,4,102,Denver Broncos,Washington via Seattle,Troy Franklin,WR,Oregon,Denver Broncos,2026-10-06
2024,4,103,New England Patriots,,Layden Robinson,OG,Texas A&M,-- Free agent,2026-10-06
2024,4,104,Arizona Cardinals,,Dadrion Taylor-Demerson,S,Texas Tech,Arizona Cardinals,2026-10-06
2024,4,105,Los Angeles Chargers,,Justin Eboigbe,DT,Alabama,Los Angeles Chargers,2026-10-06
2024,4,106,Tennessee Titans,,Cedric Gray,LB,North Carolina,Tennessee Titans,2026-10-06
2024,4,107,New York Giants,,Theo Johnson,TE,Penn State,New York Giants,2026-10-06
2024,4,108,Minnesota Vikings,,Khyree Jackson,CB,Oregon,-- Deceased,2026-10-06
2024,4,109,Atlanta Falcons,,Brandon Dorlus,DT,Oregon,Atlanta Falcons,2026-10-06
2024,4,110,New England Patriots,Chicago via LA Chargers,Javon Baker,WR,UCF,-- Free agent,2026-10-06
2024,4,111,Green Bay Packers,NY Jets,Evan Williams,S,Oregon,Green Bay Packers,2026-10-06
2024,4,112,Las Vegas Raiders,,Decamerion Richardson,CB,Mississippi State,New Orleans Saints,2026-10-06
2024,4,113,Baltimore Ravens,Denver via NY Jets,Devontez Walker,WR,North Carolina,Baltimore Ravens,2026-10-06
2024,4,114,Jacksonville Jaguars,,Javon Foster,OT,Missouri,Cincinnati Bengals,2026-10-06
2024,4,115,Cincinnati Bengals,,Erick All,TE,Iowa,Cincinnati Bengals,2026-10-06
2024,4,116,Jacksonville Jaguars,New Orleans,Jordan Jefferson,DT,LSU,Los Angeles Chargers,2026-10-06
2024,4,117,Indianapolis Colts,,Tanor Bortolini,C,Wisconsin,Indianapolis Colts,2026-10-06
2024,4,118,Seattle Seahawks,,Tyrice Knight,LB,UTEP,Seattle Seahawks,2026-10-06
2024,4,119,Pittsburgh Steelers,,Mason McCormick,OG,South Dakota State,Pittsburgh Steelers,2026-10-06
2024,4,120,Miami Dolphins,LA Rams via Pittsburgh and Philadelphia,Jaylen Wright,RB,Tennessee,Miami Dolphins,2026-10-06
2024,4,121,Seattle Seahawks,Miami via Denver,AJ Barner,TE,Michigan,Seattle Seahawks,2026-10-06
2024,4,122,Chicago Bears,Philadelphia,Tory Taylor,P,Iowa,Chicago Bears,2026-10-06
2024,4,123,Houston Texans,Cleveland via Houston and Philadelphia,Cade Stover,TE,Ohio State,Houston Texans,2026-10-06
2024,4,124,San Francisco 49ers,Dallas,Malik Mustapha,S,Wake Forest,San Francisco 49ers,2026-10-06
2024,4,125,Tampa Bay Buccaneers,,Bucky Irving,RB,Oregon,Tampa Bay Buccaneers,2026-10-06
2024,4,126,Detroit Lions,Green Bay via NY Jets,Giovanni Manu,OT,British Columbia,Detroit Lions,2026-10-06
2024,4,127,Philadelphia Eagles,Houston,Will Shipley,RB,Clemson,Philadelphia Eagles,2026-10-06
2024,4,128,Buffalo Bills,,Ray Davis,RB,Kentucky,Buffalo Bills,2026-10-06
2024,4,129,San Francisco 49ers,Detroit via Minnesota and NY Jets,Isaac Guerendo,RB,Louisville,San Francisco 49ers,2026-10-06
2024,4,130,Baltimore Ravens,,T. J. Tampa,CB,Iowa State,Baltimore Ravens,2026-10-06
2024,4,131,Kansas City Chiefs,,Jared Wiley,TE,TCU,Kansas City Chiefs,2026-10-06
2024,4,132,Detroit Lions,San Francisco via Philadelphia,Sione Vaki,RB,Utah,Detroit Lions,2026-10-06
2024,4,133,Kansas City Chiefs,Buffalo,Jaden Hicks,S,Washington State,Kansas City Chiefs,2026-10-06
2024,4,134,New York Jets,Baltimore,Braelon Allen,RB,Wisconsin,New York Jets,2026-10-06
2024,4,135,San Francisco 49ers,,Jacob Cowing,WR,Arizona,San Francisco 49ers,2026-10-06
2024,5,136,Seattle Seahawks,Carolina via Cleveland and Denver,Nehemiah Pritchett,CB,Auburn,Seattle Seahawks,2026-10-06
2024,5,137,Los Angeles Chargers,New England,Tarheeb Still,CB,Maryland,Los Angeles Chargers,2026-10-06
2024,5,138,Arizona Cardinals,,Xavier Thomas,DE,Clemson,-- Inactive,2026-10-06
2024,5,139,Washington Commanders,,Jordan Magee,LB,Temple,Washington Commanders,2026-10-06
2024,5,140,Los Angeles Chargers,,Cam Hart,CB,Notre Dame,Los Angeles Chargers,2026-10-06
2024,5,141,Buffalo Bills,NY Giants via Carolina,Sedrick Van Pran-Granger,C,Georgia,Indianapolis Colts,2026-10-06
2024,5,142,Indianapolis Colts,Tennessee via Carolina,Anthony Gould,WR,Oregon State,Indianapolis Colts,2026-10-06
2024,5,143,Atlanta Falcons,,JD Bertrand,LB,Notre Dame,Atlanta Falcons,2026-10-06
2024,5,144,Chicago Bears,Chicago via Buffalo,Austin Booker,DE,Kansas,Chicago Bears,2026-10-06
2024,5,145,Denver Broncos,NY Jets,Kris Abrams-Draine,CB,Missouri,Denver Broncos,2026-10-06
2024,5,146,Tennessee Titans,Minnesota via Philadelphia,Jarvis Brownlee Jr.,CB,Louisville,New York Jets,2026-10-06
2024,5,147,Denver Broncos,,Audric Estimé,RB,Notre Dame,Minnesota Vikings,2026-10-06
2024,5,148,Las Vegas Raiders,,Tommy Eichenberg,LB,Ohio State,Las Vegas Raiders,2026-10-06
2024,5,149,Cincinnati Bengals,,Josh Newton,CB,TCU,Cincinnati Bengals,2026-10-06
2024,5,150,New Orleans Saints,,Spencer Rattler,QB,South Carolina,New Orleans Saints,2026-10-06
2024,5,151,Indianapolis Colts,,Jaylon Carlies,S,Missouri,Indianapolis Colts,2026-10-06
2024,5,152,Philadelphia Eagles,Seattle via Washington,Ainias Smith,WR,Texas A&M,-- Inactive,2026-10-06
2024,5,153,Jacksonville Jaguars,,Deantre Prince,CB,Ole Miss,Chicago Bears,2026-10-06
2024,5,154,Los Angeles Rams,,Brennan Jackson,DE,Washington State,Las Vegas Raiders,2026-10-06
2024,5,155,Philadelphia Eagles,"Pittsburgh via LA Rams, Carolina, and Indianapolis",Jeremiah Trotter Jr.,LB,Clemson,Philadelphia Eagles,2026-10-06
2024,5,156,Cleveland Browns,Philadelphia via Arizona,Jamari Thrash,WR,Louisville,-- Free agent,2026-10-06
2024,5,157,Carolina Panthers,Cleveland via Minnesota and NY Jets,Chau Smith-Wade,CB,Washington State,Carolina Panthers,2026-10-06
2024,5,158,Miami Dolphins,,Mohamed Kamara,DE,Colorado State,Tampa Bay Buccaneers,2026-10-06
2024,5,159,Kansas City Chiefs,Dallas,Hunter Nourzad,C,Penn State,Kansas City Chiefs,2026-10-06
2024,5,160,Buffalo Bills,Green Bay,Edefuan Ulofoshio,LB,Washington,Cleveland Browns,2026-10-06
2024,5,161,Washington Commanders,Tampa Bay via Philadelphia,Dominique Hampton,S,Washington,-- Free agent,2026-10-06
2024,5,162,Arizona Cardinals,Houston,Christian Jones,OT,Texas,Chicago Bears,2026-10-06
2024,5,163,Green Bay Packers,Buffalo,Jacob Monk,C,Duke,Green Bay Packers,2026-10-06
2024,5,164,Indianapolis Colts,Detroit via Philadelphia,Jaylin Simpson,S,Auburn,Miami Dolphins,2026-10-06
2024,5,165,Baltimore Ravens,,Rasheen Ali,RB,Marshall,Baltimore Ravens,2026-10-06
2024,5,166,New York Giants,San Francisco via Carolina,Tyrone Tracy Jr.,RB,Purdue,New York Giants,2026-10-06
2024,5,167,Jacksonville Jaguars,Kansas City via Minnesota,Keilan Robinson,RB,Texas,-- Free agent,2026-10-06
2024,5,168,Buffalo Bills,New Orleans via Green Bay,Javon Solomon,DE,Troy,Buffalo Bills,2026-10-06
2024,5,169,Green Bay Packers,,Kitan Oladapo,S,Oregon State,Green Bay Packers,2026-10-06
2024,5,170,New Orleans Saints,,Bub Means,WR,Pittsburgh,Cleveland Browns,2026-10-06
2024,5,171,New York Jets,Philadelphia,Jordan Travis,QB,Florida State,-- Retired,2026-10-06
2024,5,172,Philadelphia Eagles,,Trevor Keegan,OG,Michigan,Minnesota Vikings,2026-10-06
2024,5,173,New York Jets,Kansas City via San Francisco,Isaiah Davis,RB,South Dakota State,New York Jets,2026-10-06
2024,5,174,Dallas Cowboys,,Caelen Carson,CB,Wake Forest,Dallas Cowboys,2026-10-06
2024,5,175,New Orleans Saints,,Jaylan Ford,LB,Texas,New Orleans Saints,2026-10-06
2024,5,176,New York Jets,San Francisco,Qwan'tez Stiggers,CB,No college (CFL),New York Jets,2026-10-06
2024,6,177,Minnesota Vikings,Carolina via Jacksonville,Walter Rouse,OT,Oklahoma,New England Patriots,2026-10-06
2024,6,178,Pittsburgh Steelers,Arizona via Carolina,Logan Lee,DT,Iowa,Pittsburgh Steelers,2026-10-06
2024,6,179,Seattle Seahawks,Washington,Sataoa Laumea,OG,Utah,-- Free agent,2026-10-06
2024,6,180,New England Patriots,,Marcellas Dial,CB,South Carolina,Miami Dolphins,2026-10-06
2024,6,181,Los Angeles Chargers,,Kimani Vidal,RB,Troy,Los Angeles Chargers,2026-10-06
2024,6,182,Tennessee Titans,Tennessee via Philadelphia,Jha'Quan Jackson,WR,Tulane,-- Free agent,2026-10-06
2024,6,183,New York Giants,,Darius Muasau,LB,UCLA,New England Patriots,2026-10-06
2024,6,184,Miami Dolphins,Chicago,Malik Washington,WR,Virginia,Miami Dolphins,2026-10-06
2024,6,185,Philadelphia Eagles,NY Jets,Johnny Wilson,WR,Florida State,Philadelphia Eagles,2026-10-06
2024,6,186,Atlanta Falcons,Minnesota via Arizona,Jase McClellan,RB,Alabama,-- Free agent,2026-10-06
2024,6,187,Atlanta Falcons,,Casey Washington,WR,Illinois,Carolina Panthers,2026-10-06
2024,6,188,Houston Texans,Las Vegas via New England and Minnesota,Jamal Hill,LB,Oregon,Houston Texans,2026-10-06
2024,6,189,Detroit Lions,"Denver via LA Rams, Buffalo, and Houston",Mekhi Wingo,DT,LSU,Detroit Lions,2026-10-06
2024,6,190,Philadelphia Eagles,New Orleans via Green Bay and NY Jets,Dylan McMahon,C,NC State,Los Angeles Rams,2026-10-06
2024,6,191,Arizona Cardinals,Indianapolis,Tejhaun Palmer,WR,UAB,-- Free agent,2026-10-06
2024,6,192,Seattle Seahawks,,D. J. James,CB,Auburn,New York Giants,2026-10-06
2024,6,193,New England Patriots,Jacksonville,Joe Milton,QB,Tennessee,Dallas Cowboys,2026-10-06
2024,6,194,Cincinnati Bengals,,Tanner McLachlan,TE,Arizona,-- Free agent,2026-10-06
2024,6,195,Pittsburgh Steelers,,Ryan Watts,CB,Texas,-- Free agent,2026-10-06
2024,6,196,Los Angeles Rams,,Tyler Davis,DT,Clemson,Los Angeles Rams,2026-10-06
2024,6,197,Atlanta Falcons,Cleveland,Zion Logue,DT,Georgia,Cleveland Browns,2026-10-06
2024,6,198,Miami Dolphins,,Patrick McMorris,S,California,-- Free agent,2026-10-06
2024,6,199,New Orleans Saints,Philadelphia,Khristian Boyd,DT,Northern Iowa,New Orleans Saints,2026-10-06
2024,6,200,Carolina Panthers,Dallas via Houston and Buffalo,Jaden Crumedy,DT,Mississippi State,Houston Texans,2026-10-06
2024,6,201,Indianapolis Colts,Tampa Bay via Detroit and Philadelphia,Micah Abraham,CB,Marshall,-- Free agent,2026-10-06
2024,6,202,Green Bay Packers,,Travis Glover,OT,Georgia State,Green Bay Packers,2026-10-06
2024,6,203,Minnesota Vikings,Houston via Cleveland and Denver and NY Jets,Will Reichard,K,Alabama,Minnesota Vikings,2026-10-06
2024,6,204,Buffalo Bills,,Tylan Grable,OT,UCF,Buffalo Bills,2026-10-06
2024,6,205,Houston Texans,Detroit,Jawhar Jordan,RB,Louisville,Houston Texans,2026-10-06
2024,6,206,Cleveland Browns,Baltimore,Nathaniel Watson,LB,Mississippi State,Cleveland Browns,2026-10-06
2024,6,207,Seattle Seahawks,San Francisco via Denver,Michael Jerrell,OT,Findlay,Atlanta Falcons,2026-10-06
2024,6,208,Las Vegas Raiders,Kansas City,Dylan Laube,RB,New Hampshire,Las Vegas Raiders,2026-10-06
2024,6,209,Los Angeles Rams,,Joshua Karty,K,Stanford,-- Free agent,2026-10-06
2024,6,210,Detroit Lions,Philadelphia,Christian Mahogany,OG,Boston College,Detroit Lions,2026-10-06
2024,6,211,Kansas City Chiefs,San Francisco,Kamal Hadden,CB,Tennessee,Green Bay Packers,2026-10-06
2024,6,212,Jacksonville Jaguars,,Cam Little,K,Arkansas,Jacksonville Jaguars,2026-10-06
2024,6,213,Los Angeles Rams,,Jordan Whittington,WR,Texas,Los Angeles Rams,2026-10-06
2024,6,214,Cincinnati Bengals,,Cedric Johnson,DE,Ole Miss,Cincinnati Bengals,2026-10-06
2024,6,215,San Francisco 49ers,,Jarrett Kingston,OG,USC,Miami Dolphins,2026-10-06
2024,6,216,Dallas Cowboys,,Ryan Flournoy,WR,Southeast Missouri State,Dallas Cowboys,2026-10-06
2024,6,217,Los Angeles Rams,,Beaux Limmer,C,Arkansas,Los Angeles Rams,2026-10-06
2024,6,218,Baltimore Ravens,NY Jets,Devin Leary,QB,Kentucky,-- Free agent,2026-10-06
2024,6,219,Buffalo Bills,Green Bay,Daequan Hardy,CB,Penn State,Pittsburgh Steelers,2026-10-06
2024,6,220,Tampa Bay Buccaneers,,Elijah Klein,OG,UTEP,Detroit Lions,2026-10-06
2024,7,221,Buffalo Bills,Carolina via Tennessee and Kansas City,Travis Clayton,OT,No college (rugby),Buffalo Bills,2026-10-06
2024,7,222,Washington Commanders,,Javontae Jean-Baptiste,DE,Notre Dame,Washington Commanders,2026-10-06
2024,7,223,Las Vegas Raiders,New England,Trey Taylor,S,Air Force,-- Free agent,2026-10-06
2024,7,224,Cincinnati Bengals,Arizona via Houston,Daijahn Anthony,S,Ole Miss,-- Free agent,2026-10-06
2024,7,225,Los Angeles Chargers,,Brenden Rice,WR,USC,-- Free agent,2026-10-06
2024,7,226,Arizona Cardinals,NY Giants,Jaden Davis,CB,Miami (FL),-- Free agent,2026-10-06
2024,7,227,Cleveland Browns,Tennessee,Myles Harden,CB,South Dakota,Cleveland Browns,2026-10-06
2024,7,228,Baltimore Ravens,NY Jets,Nick Samac,C,Michigan State,Minnesota Vikings,2026-10-06
2024,7,229,Las Vegas Raiders,Minnesota,M. J. Devonshire,CB,Pittsburgh,-- Free agent,2026-10-06
2024,7,230,Minnesota Vikings,Atlanta via Cleveland and Arizona,Michael Jurgens,C,Wake Forest,Minnesota Vikings,2026-10-06
2024,7,231,New England Patriots,Chicago,Jaheim Bell,TE,Florida State,-- Free agent,2026-10-06
2024,7,232,Minnesota Vikings,Denver via San Francisco and Houston,Levi Drake Rodriguez,DT,Texas A&M–Commerce,Minnesota Vikings,2026-10-06
2024,7,233,Dallas Cowboys,Las Vegas,Nate Thomas,OT,Louisiana,Houston Texans,2026-10-06
2024,7,234,Indianapolis Colts,,Jonah Laulu,DT,Oklahoma,Las Vegas Raiders,2026-10-06
2024,7,235,Denver Broncos,Seattle,Devaughn Vele,WR,Utah,New Orleans Saints,2026-10-06
2024,7,236,Jacksonville Jaguars,,Myles Cole,DE,Texas Tech,-- Free agent,2026-10-06
2024,7,237,Cincinnati Bengals,,Matt Lee,C,Miami (FL),-- Free agent,2026-10-06
2024,7,238,Houston Texans,New Orleans,Solomon Byrd,DE,USC,Houston Texans,2026-10-06
2024,7,239,New Orleans Saints,Denver via LA Rams,Josiah Ezirim,OT,Eastern Kentucky,-- Free agent,2026-10-06
2024,7,240,Carolina Panthers,Pittsburgh,Michael Barrett,LB,Michigan,-- Free agent,2026-10-06
2024,7,241,Miami Dolphins,,Tahj Washington,WR,USC,-- Free agent,2026-10-06
2024,7,242,Tennessee Titans,Philadelphia,James Williams,S,Miami (FL),Tennessee Titans,2026-10-06
2024,7,243,Cleveland Browns,,Jowon Briggs,DT,Cincinnati,New York Jets,2026-10-06
2024,7,244,Dallas Cowboys,,Justin Rogers,DT,Auburn,-- Free agent,2026-10-06
2024,7,245,Green Bay Packers,,Michael Pratt,QB,Tulane,-- Free agent,2026-10-06
2024,7,246,Tampa Bay Buccaneers,,Devin Culp,TE,Washington,-- Free agent,2026-10-06
2024,7,247,Houston Texans,,Marcus Harris,DT,Auburn,Kansas City Chiefs,2026-10-06
2024,7,248,Kansas City Chiefs,Buffalo,C. J. Hanson,OG,Holy Cross,-- Free agent,2026-10-06
2024,7,249,Houston Texans,Detroit,LaDarius Henderson,OG,Michigan,-- Free agent,2026-10-06
2024,7,250,Baltimore Ravens,,Sanoussi Kane,S,Purdue,-- Free agent,2026-10-06
2024,7,251,San Francisco 49ers,,Tatum Bethune,LB,Florida State,San Francisco 49ers,2026-10-06
2024,7,252,Tennessee Titans,Kansas City,Jaylen Harrell,DE,Michigan,Tennessee Titans,2026-10-06
2024,7,253,Los Angeles Chargers,,Cornelius Johnson,WR,Michigan,-- Free agent,2026-10-06
2024,7,254,Los Angeles Rams,,KT Leveston,OG,Kansas State,Cleveland Browns,2026-10-06
2024,7,255,Green Bay Packers,,Kalen King,CB,Penn State,Arizona Cardinals,2026-10-06
2024,7,256,Denver Broncos,NY Jets,Nick Gargiulo,C,South Carolina,Denver Broncos,2026-10-06
2024,7,257,New York Jets,,Jaylen Key,S,Alabama,-- Free agent,2026-10-06
2023,1,1,Carolina Panthers,Chicago,Bryce Young,QB,Alabama,Carolina Panthers,2026-10-06
2023,1,2,Houston Texans,,C. J. Stroud,QB,Ohio State,Houston Texans,2026-10-06
2023,1,3,Houston Texans,Arizona,Will Anderson Jr.,LB,Alabama,Houston Texans,2026-10-06
2023,1,4,Indianapolis Colts,,Anthony Richardson,QB,Florida,Indianapolis Colts,2026-10-06
2023,1,5,Seattle Seahawks,Denver,Devon Witherspoon,CB,Illinois,Seattle Seahawks,2026-10-06
2023,1,6,Arizona Cardinals,LA Rams via Detroit,Paris Johnson Jr.,OT,Ohio State,Arizona Cardinals,2026-10-06
2023,1,7,Las Vegas Raiders,,Tyree Wilson,DE,Texas Tech,New Orleans Saints,2026-10-06
2023,1,8,Atlanta Falcons,,Bijan Robinson,RB,Texas,Atlanta Falcons,2026-10-06
2023,1,9,Philadelphia Eagles,Carolina via Chicago,Jalen Carter,DT,Georgia,Philadelphia Eagles,2026-10-06
2023,1,10,Chicago Bears,New Orleans via Philadelphia,Darnell Wright,OT,Tennessee,Chicago Bears,2026-10-06
2023,1,11,Tennessee Titans,,Peter Skoronski,OT,Northwestern,Tennessee Titans,2026-10-06
2023,1,12,Detroit Lions,Cleveland via Houston and Arizona,Jahmyr Gibbs,RB,Alabama,Detroit Lions,2026-10-06
2023,1,13,Green Bay Packers,NY Jets,Lukas Van Ness,DE,Iowa,Green Bay Packers,2026-10-06
2023,1,14,Pittsburgh Steelers,New England,Broderick Jones,OT,Georgia,Dallas Cowboys,2026-10-06
2023,1,15,New York Jets,Green Bay,Will McDonald IV,DE,Iowa State,New York Jets,2026-10-06
2023,1,16,Washington Commanders,,Emmanuel Forbes,CB,Mississippi State,Los Angeles Rams,2026-10-06
2023,1,17,New England Patriots,Pittsburgh,Christian Gonzalez,CB,Oregon,New England Patriots,2026-10-06
2023,1,18,Detroit Lions,,Jack Campbell,LB,Iowa,Detroit Lions,2026-10-06
2023,1,19,Tampa Bay Buccaneers,,Calijah Kancey,DT,Pittsburgh,Tampa Bay Buccaneers,2026-10-06
2023,1,20,Seattle Seahawks,,Jaxon Smith-Njigba,WR,Ohio State,Seattle Seahawks,2026-10-06
2023,1,21,Los Angeles Chargers,,Quentin Johnston,WR,TCU,Los Angeles Chargers,2026-10-06
2023,1,22,Baltimore Ravens,,Zay Flowers,WR,Boston College,Baltimore Ravens,2026-10-06
2023,1,23,Minnesota Vikings,,Jordan Addison,WR,USC,Minnesota Vikings,2026-10-06
2023,1,24,New York Giants,Jacksonville,Deonte Banks,CB,Maryland,New York Giants,2026-10-06
2023,1,25,Buffalo Bills,NY Giants via Jacksonville,Dalton Kincaid,TE,Utah,Buffalo Bills,2026-10-06
2023,1,26,Dallas Cowboys,,Mazi Smith,DT,Michigan,Miami Dolphins,2026-10-06
2023,1,27,Jacksonville Jaguars,Buffalo,Anton Harrison,OT,Oklahoma,Jacksonville Jaguars,2026-10-06
2023,1,28,Cincinnati Bengals,,Myles Murphy,DE,Clemson,Cincinnati Bengals,2026-10-06
2023,1,29,New Orleans Saints,San Francisco via Miami and Denver,Bryan Bresee,DT,Clemson,New Orleans Saints,2026-10-06
2023,1,30,Philadelphia Eagles,,Nolan Smith,LB,Georgia,Philadelphia Eagles,2026-10-06
2023,1,31,Kansas City Chiefs,,Felix Anudike-Uzomah,DE,Kansas State,Kansas City Chiefs,2026-10-06
2023,2,32,Pittsburgh Steelers,Chicago,Joey Porter Jr.,CB,Penn State,Dallas Cowboys,2026-10-06
2023,2,33,Tennessee Titans,Houston via Arizona,Will Levis,QB,Kentucky,New York Jets,2026-10-06
2023,2,34,Detroit Lions,Arizona,Sam LaPorta,TE,Iowa,Detroit Lions,2026-10-06
2023,2,35,Las Vegas Raiders,Indianapolis,Michael Mayer,TE,Notre Dame,Las Vegas Raiders,2026-10-06
2023,2,36,Los Angeles Rams,,Steve Avila,OG,TCU,Los Angeles Rams,2026-10-06
2023,2,37,Seattle Seahawks,Denver,Derick Hall,LB,Auburn,Seattle Seahawks,2026-10-06
2023,2,38,Atlanta Falcons,Las Vegas via Indianapolis,Matthew Bergeron,OG,Syracuse,Atlanta Falcons,2026-10-06
2023,2,39,Carolina Panthers,,Jonathan Mingo,WR,Ole Miss,Dallas Cowboys,2026-10-06
2023,2,40,New Orleans Saints,,Isaiah Foskey,DE,Notre Dame,Cincinnati Bengals,2026-10-06
2023,2,41,Arizona Cardinals,Tennessee,BJ Ojulari,LB,LSU,Jacksonville Jaguars,2026-10-06
2023,2,42,Green Bay Packers,Cleveland via NY Jets,Luke Musgrave,TE,Oregon State,Green Bay Packers,2026-10-06
2023,2,43,New York Jets,,Joe Tippmann,C,Wisconsin,New York Jets,2026-10-06
2023,2,44,Indianapolis Colts,Atlanta,JuJu Brents,CB,Kansas State,Miami Dolphins,2026-10-06
2023,2,45,Detroit Lions,Green Bay,Brian Branch,S,Alabama,Detroit Lions,2026-10-06
2023,2,46,New England Patriots,,Keion White,DE,Georgia Tech,San Francisco 49ers,2026-10-06
2023,2,47,Washington Commanders,,Quan Martin,S,Illinois,Washington Commanders,2026-10-06
2023,2,48,Tampa Bay Buccaneers,Detroit via Green Bay,Cody Mauch,OG,North Dakota State,Tampa Bay Buccaneers,2026-10-06
2023,2,49,Pittsburgh Steelers,,Keeanu Benton,DT,Wisconsin,Pittsburgh Steelers,2026-10-06
2023,2,50,Green Bay Packers,Tampa Bay,Jayden Reed,WR,Michigan State,Green Bay Packers,2026-10-06
2023,2,51,Miami Dolphins,,Cam Smith,CB,South Carolina,-- Free agent,2026-10-06
2023,2,52,Seattle Seahawks,,Zach Charbonnet,RB,UCLA,Seattle Seahawks,2026-10-06
2023,2,53,Chicago Bears,Baltimore,Gervon Dexter,DT,Florida,Atlanta Falcons,2026-10-06
2023,2,54,Los Angeles Chargers,,Tuli Tuipulotu,LB,USC,Los Angeles Chargers,2026-10-06
2023,2,55,Kansas City Chiefs,Minnesota via Detroit,Rashee Rice,WR,SMU,Kansas City Chiefs,2026-10-06
2023,2,56,Chicago Bears,Jacksonville,Tyrique Stevenson,CB,Miami (FL),Chicago Bears,2026-10-06
2023,2,57,New York Giants,,John Michael Schmitz,C,Minnesota,New York Giants,2026-10-06
2023,2,58,Dallas Cowboys,,Luke Schoonmaker,TE,Michigan,Dallas Cowboys,2026-10-06
2023,2,59,Buffalo Bills,,O'Cyrus Torrence,OG,Florida,Buffalo Bills,2026-10-06
2023,2,60,Cincinnati Bengals,,D. J. Turner,CB,Michigan,Cincinnati Bengals,2026-10-06
2023,2,61,Jacksonville Jaguars,San Francisco via Carolina and Chicago,Brenton Strange,TE,Penn State,Jacksonville Jaguars,2026-10-06
2023,2,62,Houston Texans,Philadelphia,Juice Scruggs,C,Penn State,Detroit Lions,2026-10-06
2023,2,63,Denver Broncos,Kansas City via Detroit,Marvin Mims,WR,Oklahoma,Denver Broncos,2026-10-06
2023,3,64,Chicago Bears,,Zacch Pickens,DT,South Carolina,Atlanta Falcons,2026-10-06
2023,3,65,Philadelphia Eagles,Houston,Tyler Steen,OT,Alabama,Philadelphia Eagles,2026-10-06
2023,3,66,Philadelphia Eagles,Arizona,Sydney Brown,S,Illinois,Atlanta Falcons,2026-10-06
2023,3,67,Denver Broncos,Indianapolis,Drew Sanders,LB,Arkansas,-- Free agent,2026-10-06
2023,3,68,Detroit Lions,Denver,Hendon Hooker,QB,Tennessee,Tennessee Titans,2026-10-06
2023,3,69,Houston Texans,LA Rams,Tank Dell,WR,Houston,Houston Texans,2026-10-06
2023,3,70,Las Vegas Raiders,,Byron Young,DT,Alabama,Philadelphia Eagles,2026-10-06
2023,3,71,New Orleans Saints,,Kendre Miller,RB,TCU,New Orleans Saints,2026-10-06
2023,3,72,Arizona Cardinals,Tennessee,Garrett Williams,CB,Syracuse,Arizona Cardinals,2026-10-06
2023,3,73,New York Giants,Cleveland via Houston and LA Rams,Jalin Hyatt,WR,Tennessee,New York Giants,2026-10-06
2023,3,74,Cleveland Browns,NY Jets,Cedric Tillman,WR,Tennessee,New Orleans Saints,2026-10-06
2023,3,75,Atlanta Falcons,,Zach Harrison,DE,Ohio State,Atlanta Falcons,2026-10-06
2023,3,76,New England Patriots,Carolina,Marte Mapu,LB,Sacramento State,Pittsburgh Steelers,2026-10-06
2023,3,77,Los Angeles Rams,New England via Miami,Byron Young,DE,Tennessee,Los Angeles Rams,2026-10-06
2023,3,78,Green Bay Packers,,Tucker Kraft,TE,South Dakota State,Green Bay Packers,2026-10-06
2023,3,79,Indianapolis Colts,Washington,Josh Downs,WR,North Carolina,Indianapolis Colts,2026-10-06
2023,3,80,Carolina Panthers,Pittsburgh,D. J. Johnson,LB,Oregon,-- Free agent,2026-10-06
2023,3,81,Tennessee Titans,Detroit via Arizona,Tyjae Spears,RB,Tulane,Tennessee Titans,2026-10-06
2023,3,82,Tampa Bay Buccaneers,,YaYa Diaby,DE,Louisville,Tampa Bay Buccaneers,2026-10-06
2023,3,83,Denver Broncos,Seattle,Riley Moss,CB,Iowa,Denver Broncos,2026-10-06
2023,3,84,Miami Dolphins,,De'Von Achane,RB,Texas A&M,Miami Dolphins,2026-10-06
2023,3,85,Los Angeles Chargers,,Daiyan Henley,LB,Washington State,Los Angeles Chargers,2026-10-06
2023,3,86,Baltimore Ravens,,Trenton Simpson,LB,Clemson,Baltimore Ravens,2026-10-06
2023,3,87,San Francisco 49ers,Minnesota,Ji'Ayir Brown,S,Penn State,San Francisco 49ers,2026-10-06
2023,3,88,Jacksonville Jaguars,,Tank Bigsby,RB,Auburn,Philadelphia Eagles,2026-10-06
2023,3,89,Los Angeles Rams,NY Giants,Kobie Turner,DT,Wake Forest,Los Angeles Rams,2026-10-06
2023,3,90,Dallas Cowboys,,DeMarvion Overshown,LB,Texas,Dallas Cowboys,2026-10-06
2023,3,91,Buffalo Bills,,Dorian Williams,LB,Tulane,Buffalo Bills,2026-10-06
2023,3,92,Kansas City Chiefs,Cincinnati,Wanya Morris,OT,Oklahoma,Dallas Cowboys,2026-10-06
2023,3,93,Pittsburgh Steelers,San Francisco via Carolina,Darnell Washington,TE,Georgia,Pittsburgh Steelers,2026-10-06
2023,3,94,Arizona Cardinals,Philadelphia,Michael Wilson,WR,Stanford,Arizona Cardinals,2026-10-06
2023,3,95,Cincinnati Bengals,Kansas City,Jordan Battle,S,Alabama,Cincinnati Bengals,2026-10-06
2023,3,96,Detroit Lions,Arizona,Brodric Martin,DT,Western Kentucky,-- Free agent,2026-10-06
2023,3,97,Washington Commanders,,Ricky Stromberg,C,Arkansas,-- Free agent,2026-10-06
2023,3,98,Cleveland Browns,,Siaki Ika,DT,Baylor,-- Free agent,2026-10-06
2023,3,99,San Francisco 49ers,,Jake Moody,K,Michigan,-- Free agent,2026-10-06
2023,3,100,Las Vegas Raiders,Kansas City via NY Giants,Tre Tucker,WR,Cincinnati,Las Vegas Raiders,2026-10-06
2023,3,101,San Francisco 49ers,,Cameron Latu,TE,Alabama,New England Patriots,2026-10-06
2023,3,102,Minnesota Vikings,San Francisco,Mekhi Blackmon,CB,USC,Cleveland Browns,2026-10-06
2023,4,103,New Orleans Saints,Chicago,Nick Saldiveri,OT,Old Dominion,New Orleans Saints,2026-10-06
2023,4,104,Las Vegas Raiders,Houston,Jakorian Bennett,CB,Maryland,Philadelphia Eagles,2026-10-06
2023,4,105,Philadelphia Eagles,Arizona via Houston,Kelee Ringo,CB,Georgia,Philadelphia Eagles,2026-10-06
2023,4,106,Indianapolis Colts,,Blake Freeland,OT,BYU,Cincinnati Bengals,2026-10-06
2023,4,107,New England Patriots,LA Rams,Jake Andrews,C,Troy,Houston Texans,2026-10-06
2023,4,108,Seattle Seahawks,Denver,Anthony Bradford,OG,LSU,Seattle Seahawks,2026-10-06
2023,4,109,Houston Texans,Las Vegas,Dylan Horton,DE,TCU,Houston Texans,2026-10-06
2023,4,110,Indianapolis Colts,Tennessee via Atlanta,Adetomiwa Adebawore,DT,Northwestern,Indianapolis Colts,2026-10-06
2023,4,111,Cleveland Browns,,Dawand Jones,OT,Ohio State,Cleveland Browns,2026-10-06
2023,4,112,New England Patriots,NY Jets,Chad Ryland,K,Maryland,Arizona Cardinals,2026-10-06
2023,4,113,Atlanta Falcons,,Clark Phillips III,CB,Utah,Chicago Bears,2026-10-06
2023,4,114,Carolina Panthers,,Chandler Zavala,OG,NC State,Carolina Panthers,2026-10-06
2023,4,115,Chicago Bears,New Orleans,Roschon Johnson,RB,Texas,Chicago Bears,2026-10-06
2023,4,116,Green Bay Packers,,Colby Wooden,DT,Auburn,New Orleans Saints,2026-10-06
2023,4,117,New England Patriots,,Sidy Sow,OG,Eastern Michigan,-- Free agent,2026-10-06
2023,4,118,Washington Commanders,,Braeden Daniels,OT,Utah,-- Free agent,2026-10-06
2023,4,119,Kansas City Chiefs,Detroit via Minnesota,Chamarri Conner,S,Virginia Tech,Kansas City Chiefs,2026-10-06
2023,4,120,New York Jets,Pittsburgh via New England,Carter Warren,OT,Pittsburgh,-- Free agent,2026-10-06
2023,4,121,Jacksonville Jaguars,Tampa Bay,Ventrell Miller,LB,Florida,Jacksonville Jaguars,2026-10-06
2023,4,122,Arizona Cardinals,Miami via Kansas City and Detroit,Jon Gaines II,OG,UCLA,Arizona Cardinals,2026-10-06
2023,4,123,Seattle Seahawks,,Cameron Young,DT,Mississippi State,-- Free agent,2026-10-06
2023,4,124,Baltimore Ravens,,Tavius Robinson,LB,Ole Miss,Baltimore Ravens,2026-10-06
2023,4,125,Los Angeles Chargers,,Derius Davis,WR,TCU,Los Angeles Chargers,2026-10-06
2023,4,126,Cleveland Browns,Minnesota,Isaiah McGuire,DE,Missouri,Cleveland Browns,2026-10-06
2023,4,127,New Orleans Saints,Jacksonville,Jake Haener,QB,Fresno State,New York Giants,2026-10-06
2023,4,128,Los Angeles Rams,NY Giants,Stetson Bennett,QB,Georgia,Los Angeles Rams,2026-10-06
2023,4,129,Dallas Cowboys,,Viliami Fehoko,DE,San Jose State,-- Free agent,2026-10-06
2023,4,130,Jacksonville Jaguars,Buffalo,Tyler Lacy,DE,Oklahoma State,Detroit Lions,2026-10-06
2023,4,131,Cincinnati Bengals,,Charlie Jones,WR,Purdue,New York Giants,2026-10-06
2023,4,132,Pittsburgh Steelers,San Francisco via Carolina,Nick Herbig,LB,Wisconsin,Pittsburgh Steelers,2026-10-06
2023,4,133,Chicago Bears,Philadelphia,Tyler Scott,WR,Cincinnati,Las Vegas Raiders,2026-10-06
2023,4,134,Minnesota Vikings,Kansas City,Jay Ward,S,LSU,Minnesota Vikings,2026-10-06
2023,4,135,Las Vegas Raiders,New England,Aidan O'Connell,QB,Purdue,Las Vegas Raiders,2026-10-06
2023,5,136,Jacksonville Jaguars,Chicago,Yasir Abdullah,LB,Louisville,Atlanta Falcons,2026-10-06
2023,5,137,Washington Commanders,Arizona via Buffalo,KJ Henry,DE,Clemson,-- Free agent,2026-10-06
2023,5,138,Indianapolis Colts,,Darius Rush,CB,South Carolina,Pittsburgh Steelers,2026-10-06
2023,5,139,Arizona Cardinals,Denver via Detroit,Clayton Tune,QB,Houston,-- Free agent,2026-10-06
2023,5,140,Cleveland Browns,LA Rams,Dorian Thompson-Robinson,QB,UCLA,-- Free agent,2026-10-06
2023,5,141,Minnesota Vikings,Las Vegas via Indianapolis,Jaquelin Roy,DT,LSU,-- Free agent,2026-10-06
2023,5,142,Cleveland Browns,,Cameron Mitchell,CB,Northwestern,Indianapolis Colts,2026-10-06
2023,5,143,New York Jets,,Israel Abanikanda,RB,Pittsburgh,Dallas Cowboys,2026-10-06
2023,5,144,New England Patriots,Atlanta via Las Vegas,Atonio Mafi,OG,UCLA,Tennessee Titans,2026-10-06
2023,5,145,Carolina Panthers,,Jammie Robinson,S,Florida State,Atlanta Falcons,2026-10-06
2023,5,146,New Orleans Saints,,Jordan Howden,S,Minnesota,New Orleans Saints,2026-10-06
2023,5,147,Tennessee Titans,,Josh Whyle,TE,Cincinnati,Green Bay Packers,2026-10-06
2023,5,148,Chicago Bears,New England via Baltimore,Noah Sewell,LB,Oregon,Chicago Bears,2026-10-06
2023,5,149,Green Bay Packers,,Sean Clifford,QB,Penn State,Cincinnati Bengals,2026-10-06
2023,5,150,Buffalo Bills,Washington,Justin Shorter,WR,Florida,-- Free agent,2026-10-06
2023,5,151,Seattle Seahawks,Pittsburgh,Mike Morris,DE,Michigan,Seattle Seahawks,2026-10-06
2023,5,152,Detroit Lions,,Colby Sorsdal,OT,William & Mary,Atlanta Falcons,2026-10-06
2023,5,153,Tampa Bay Buccaneers,,SirVocea Dennis,LB,Pittsburgh,Tampa Bay Buccaneers,2026-10-06
2023,5,154,Seattle Seahawks,,Olu Oluwatimi,C,Michigan,Seattle Seahawks,2026-10-06
2023,5,155,San Francisco 49ers,Miami,Darrell Luter Jr.,CB,South Alabama,Las Vegas Raiders,2026-10-06
2023,5,156,Los Angeles Chargers,,Jordan McFadden,OG,Clemson,Chicago Bears,2026-10-06
2023,5,157,Baltimore Ravens,,Kyu Blu Kelly,CB,Stanford,-- Free agent,2026-10-06
2023,5,158,Indianapolis Colts,Minnesota,Daniel Scott,S,California,Indianapolis Colts,2026-10-06
2023,5,159,Green Bay Packers,Jacksonville via Atlanta and Detroit,Dontayvion Wicks,WR,Virginia,Philadelphia Eagles,2026-10-06
2023,5,160,Jacksonville Jaguars,NY Giants,Antonio Johnson,S,Texas A&M,Jacksonville Jaguars,2026-10-06
2023,5,161,Los Angeles Rams,Dallas via Houston,Nick Hampton,LB,Appalachian State,-- Inactive,2026-10-06
2023,5,162,Indianapolis Colts,Buffalo,Will Mallory,TE,Miami (FL),Indianapolis Colts,2026-10-06
2023,5,163,Cincinnati Bengals,,Chase Brown,RB,Illinois,Cincinnati Bengals,2026-10-06
2023,5,164,Minnesota Vikings,San Francisco,Jaren Hall,QB,BYU,-- Free agent,2026-10-06
2023,5,165,Chicago Bears,Philadelphia via New Orleans,Terell Smith,CB,Minnesota,Washington Commanders,2026-10-06
2023,5,166,Kansas City Chiefs,,B. J. Thompson,LB,Stephen F. Austin,-- Free agent,2026-10-06
2023,5,167,Houston Texans,LA Rams,Henry To'oTo'o,LB,Alabama,Houston Texans,2026-10-06
2023,5,168,Arizona Cardinals,Arizona via Detroit,Owen Pappoe,LB,Auburn,Tennessee Titans,2026-10-06
2023,5,169,Dallas Cowboys,,Asim Richards,OT,North Carolina,New Orleans Saints,2026-10-06
2023,5,170,Las Vegas Raiders,Green Bay via NY Jets,Chris Smith II,S,Georgia,-- Free agent,2026-10-06
2023,5,171,Tampa Bay Buccaneers,LA Rams,Payne Durham,TE,Purdue,Tampa Bay Buccaneers,2026-10-06
2023,5,172,New York Giants,,Eric Gray,RB,Oklahoma,Cleveland Browns,2026-10-06
2023,5,173,San Francisco 49ers,,Robert Beal Jr.,LB,Georgia,Miami Dolphins,2026-10-06
2023,5,174,Los Angeles Rams,Las Vegas via Houston,Warren McClendon,OT,Georgia,Los Angeles Rams,2026-10-06
2023,5,175,Los Angeles Rams,Tampa Bay,Davis Allen,TE,Clemson,Los Angeles Rams,2026-10-06
2023,5,176,Indianapolis Colts,Dallas,Evan Hull,RB,Northwestern,Arizona Cardinals,2026-10-06
2023,5,177,Los Angeles Rams,,Puka Nacua,WR,BYU,Los Angeles Rams,2026-10-06
2023,6,178,Dallas Cowboys,Chicago via Miami and Kansas City,Eric Scott Jr.,CB,Southern Miss,-- Free agent,2026-10-06
2023,6,179,Green Bay Packers,Houston via Tampa Bay,Karl Brooks,DT,Bowling Green,Green Bay Packers,2026-10-06
2023,6,180,Arizona Cardinals,,Kei'Trel Clark,CB,Louisville,Arizona Cardinals,2026-10-06
2023,6,181,Tampa Bay Buccaneers,Indianapolis,Josh Hayes,CB,Kansas State,Tampa Bay Buccaneers,2026-10-06
2023,6,182,Los Angeles Rams,,Tre Tomlinson,CB,TCU,-- Free agent,2026-10-06
2023,6,183,Denver Broncos,Denver via Detroit,JL Skinner,S,Boise State,Denver Broncos,2026-10-06
2023,6,184,New York Jets,Las Vegas via New England,Zaire Barnes,LB,Western Michigan,New York Giants,2026-10-06
2023,6,185,Jacksonville Jaguars,NY Jets,Parker Washington,WR,Penn State,Jacksonville Jaguars,2026-10-06
2023,6,186,Tennessee Titans,Atlanta,Jaelyn Duncan,OT,Maryland,-- Free agent,2026-10-06
2023,6,187,New England Patriots,Carolina,Kayshon Boutte,WR,LSU,Houston Texans,2026-10-06
2023,6,188,Philadelphia Eagles,New Orleans via Houston,Tanner McKee,QB,Stanford,Philadelphia Eagles,2026-10-06
2023,6,189,Los Angeles Rams,Tennessee,Ochaun Mathis,DE,Nebraska,-- Free agent,2026-10-06
2023,6,190,Cleveland Browns,,Luke Wypler,C,Ohio State,Cleveland Browns,2026-10-06
2023,6,191,Tampa Bay Buccaneers,"Green Bay via LA Rams, Houston and Philadelphia",Trey Palmer,WR,Nebraska,New Orleans Saints,2026-10-06
2023,6,192,New England Patriots,,Bryce Baringer,P,Michigan State,New England Patriots,2026-10-06
2023,6,193,Washington Commanders,,Chris Rodriguez Jr.,RB,Kentucky,Jacksonville Jaguars,2026-10-06
2023,6,194,Kansas City Chiefs,Detroit,Keondre Coburn,DT,Texas,-- Free agent,2026-10-06
2023,6,195,New Orleans Saints,Pittsburgh via Denver,A. T. Perry,WR,Wake Forest,-- Inactive,2026-10-06
2023,6,196,Tampa Bay Buccaneers,,Jose Ramirez,LB,Eastern Michigan,New England Patriots,2026-10-06
2023,6,197,Miami Dolphins,,Elijah Higgins,TE,Stanford,Arizona Cardinals,2026-10-06
2023,6,198,Seattle Seahawks,,Jerrick Reed II,S,New Mexico,Arizona Cardinals,2026-10-06
2023,6,199,Baltimore Ravens,,Malaesala Aumavae–Laulu,OT,Oregon,-- Free agent,2026-10-06
2023,6,200,Los Angeles Chargers,LA Chargers via Chicago,Scott Matlock,DT,Boise State,Los Angeles Chargers,2026-10-06
2023,6,201,Houston Texans,Minnesota,Jarrett Patterson,C,Notre Dame,San Francisco 49ers,2026-10-06
2023,6,202,Jacksonville Jaguars,,Christian Braswell,CB,Rutgers,Jacksonville Jaguars,2026-10-06
2023,6,203,Las Vegas Raiders,NY Giants via Houston,Amari Burney,LB,Florida,-- Free agent,2026-10-06
2023,6,204,New York Jets,Dallas via Las Vegas,Jarrick Bernard-Converse,CB,LSU,New York Giants,2026-10-06
2023,6,205,Houston Texans,Buffalo,Xavier Hutchinson,WR,Iowa State,Houston Texans,2026-10-06
2023,6,206,Cincinnati Bengals,,Andrei Iosivas,WR,Princeton,Cincinnati Bengals,2026-10-06
2023,6,207,Green Bay Packers,San Francisco via Houston and NY Jets,Anders Carlson,K,Auburn,-- Free agent,2026-10-06
2023,6,208,Jacksonville Jaguars,Philadelphia,Erick Hallett,S,Pittsburgh,Tennessee Titans,2026-10-06
2023,6,209,New York Giants,Kansas City,Tre Hawkins,CB,Old Dominion,-- Free agent,2026-10-06
2023,6,210,New England Patriots,,Demario Douglas,WR,Liberty,New England Patriots,2026-10-06
2023,6,211,Indianapolis Colts,Minnesota,Titus Leo,LB,Wagner,-- Free agent,2026-10-06
2023,6,212,Dallas Cowboys,,Deuce Vaughn,RB,Kansas State,-- Free agent,2026-10-06
2023,6,213,Arizona Cardinals,,Dante Stills,DT,West Virginia,Arizona Cardinals,2026-10-06
2023,6,214,New England Patriots,Las Vegas,Ameer Speed,CB,Michigan State,Dallas Cowboys,2026-10-06
2023,6,215,Los Angeles Rams,Washington via Buffalo,Zach Evans,RB,Ole Miss,-- Free agent,2026-10-06
2023,6,216,San Francisco 49ers,,Dee Winters,LB,TCU,Dallas Cowboys,2026-10-06
2023,6,217,Cincinnati Bengals,Kansas City,Brad Robbins,P,Michigan,-- Free agent,2026-10-06
2023,7,218,Chicago Bears,,Travis Bell,DT,Kennesaw State,-- Free agent,2026-10-06
2023,7,219,Detroit Lions,Houston via Minnesota and Philadelphia,Antoine Green,WR,North Carolina,-- Free agent,2026-10-06
2023,7,220,New York Jets,Arizona via Las Vegas,Zack Kuntz,TE,Old Dominion,-- Free agent,2026-10-06
2023,7,221,Indianapolis Colts,,Jaylon Jones,CB,Texas A&M,Tennessee Titans,2026-10-06
2023,7,222,Minnesota Vikings,Denver via San Francisco,DeWayne McBride,RB,UAB,-- Free agent,2026-10-06
2023,7,223,Los Angeles Rams,,Ethan Evans,P,Wingate,Los Angeles Rams,2026-10-06
2023,7,224,Atlanta Falcons,Las Vegas,DeMarcco Hellams,S,Alabama,Atlanta Falcons,2026-10-06
2023,7,225,Atlanta Falcons,,Jovaughn Gwyn,OG,South Carolina,Baltimore Ravens,2026-10-06
2023,7,226,Jacksonville Jaguars,Carolina,Cooper Hodges,OT,Appalachian State,-- Free agent,2026-10-06
2023,7,227,Jacksonville Jaguars,New Orleans,Raymond Vohasek,DT,North Carolina,-- Status unconfirmed,2026-10-06
2023,7,228,Tennessee Titans,,Colton Dowell,WR,UT Martin,-- Free agent,2026-10-06
2023,7,229,Baltimore Ravens,Cleveland,Andrew Vorhees,OG,USC,Baltimore Ravens,2026-10-06
2023,7,230,Buffalo Bills,"NY Jets via Tampa Bay, Houston, Philadelphia and Houston",Nick Broeker,OG,Ole Miss,Tennessee Titans,2026-10-06
2023,7,231,Las Vegas Raiders,New England,Nesta Jade Silvera,DT,Arizona State,-- Free agent,2026-10-06
2023,7,232,Green Bay Packers,,Carrington Valentine,CB,Kentucky,Green Bay Packers,2026-10-06
2023,7,233,Washington Commanders,,Andre Jones Jr.,DE,Louisiana,Miami Dolphins,2026-10-06
2023,7,234,Los Angeles Rams,Pittsburgh,Jason Taylor II,S,Oklahoma State,-- Free agent,2026-10-06
2023,7,235,Green Bay Packers,Detroit via LA Rams,Lew Nichols III,RB,Central Michigan,Pittsburgh Steelers,2026-10-06
2023,7,236,Indianapolis Colts,Tampa Bay,Jake Witt,OT,Northern Michigan,-- Free agent,2026-10-06
2023,7,237,Seattle Seahawks,,Kenny McIntosh,RB,Georgia,-- Free agent,2026-10-06
2023,7,238,Miami Dolphins,,Ryan Hayes,OT,Michigan,-- Free agent,2026-10-06
2023,7,239,Los Angeles Chargers,,Max Duggan,QB,TCU,-- Free agent,2026-10-06
2023,7,240,Jacksonville Jaguars,Baltimore via NY Giants,Derek Parish,FB,Houston,-- Free agent,2026-10-06
2023,7,241,Pittsburgh Steelers,Minnesota via Denver,Cory Trice,CB,Purdue,-- Free agent,2026-10-06
2023,7,242,Green Bay Packers,Jacksonville,Anthony Johnson Jr.,S,Iowa State,Chicago Bears,2026-10-06
2023,7,243,New York Giants,,Jordon Riley,DT,Oregon,Green Bay Packers,2026-10-06
2023,7,244,Dallas Cowboys,,Jalen Brooks,WR,South Carolina,Arizona Cardinals,2026-10-06
2023,7,245,New England Patriots,Buffalo via Atlanta,Isaiah Bolden,CB,Jackson State,-- Free agent,2026-10-06
2023,7,246,Cincinnati Bengals,,D. J. Ivey,CB,Miami (FL),Cincinnati Bengals,2026-10-06
2023,7,247,San Francisco 49ers,,Brayden Willis,TE,Oklahoma,San Francisco 49ers,2026-10-06
2023,7,248,Houston Texans,Philadelphia,Brandon Hill,S,Pittsburgh,-- Free agent,2026-10-06
2023,7,249,Philadelphia Eagles,Kansas City via Detroit,Moro Ojomo,DE,Texas,Philadelphia Eagles,2026-10-06
2023,7,250,Kansas City Chiefs,,Nic Jones,CB,Ball State,New York Giants,2026-10-06
2023,7,251,Pittsburgh Steelers,LA Rams,Spencer Anderson,OG,Maryland,Pittsburgh Steelers,2026-10-06
2023,7,252,Buffalo Bills,Tampa Bay via LA Rams,Alex Austin,CB,Oregon State,Dallas Cowboys,2026-10-06
2023,7,253,San Francisco 49ers,,Ronnie Bell,WR,Michigan,-- Free agent,2026-10-06
2023,7,254,New York Giants,,Gervarrius Owens,S,Houston,-- Free agent,2026-10-06
2023,7,255,San Francisco 49ers,,Jalen Graham,LB,Purdue,San Francisco 49ers,2026-10-06
2023,7,256,Green Bay Packers,,Grant DuBose,WR,Charlotte,-- Free agent,2026-10-06
2023,7,257,Denver Broncos,New Orleans,Alex Forsyth,C,Oregon,Denver Broncos,2026-10-06
2023,7,258,Chicago Bears,,Kendall Williamson,CB,Stanford,Los Angeles Chargers,2026-10-06
2023,7,259,Los Angeles Rams,Houston,Desjuan Johnson,DE,Toledo,Los Angeles Rams,2026-10-06
2022,1,1,Jacksonville Jaguars,,Travon Walker,DE,Georgia,Jacksonville Jaguars,2026-10-06
2022,1,2,Detroit Lions,,Aidan Hutchinson,DE,Michigan,Detroit Lions,2026-10-06
2022,1,3,Houston Texans,,Derek Stingley Jr.,CB,LSU,Houston Texans,2026-10-06
2022,1,4,New York Jets,,Sauce Gardner,CB,Cincinnati,Indianapolis Colts,2026-10-06
2022,1,5,New York Giants,,Kayvon Thibodeaux,DE,Oregon,New York Giants,2026-10-06
2022,1,6,Carolina Panthers,,Ikem Ekwonu,OT,NC State,Carolina Panthers,2026-10-06
2022,1,7,New York Giants,Chicago,Evan Neal,OT,Alabama,Las Vegas Raiders,2026-10-06
2022,1,8,Atlanta Falcons,,Drake London,WR,USC,Atlanta Falcons,2026-10-06
2022,1,9,Seattle Seahawks,Denver,Charles Cross,OT,Mississippi State,Seattle Seahawks,2026-10-06
2022,1,10,New York Jets,Seattle,Garrett Wilson,WR,Ohio State,New York Jets,2026-10-06
2022,1,11,New Orleans Saints,Washington,Chris Olave,WR,Ohio State,New Orleans Saints,2026-10-06
2022,1,12,Detroit Lions,Minnesota,Jameson Williams,WR,Alabama,Detroit Lions,2026-10-06
2022,1,13,Philadelphia Eagles,Cleveland via Houston,Jordan Davis,DT,Georgia,Philadelphia Eagles,2026-10-06
2022,1,14,Baltimore Ravens,,Kyle Hamilton,S,Notre Dame,Baltimore Ravens,2026-10-06
2022,1,15,Houston Texans,Miami via Philadelphia,Kenyon Green,OG,Texas A&M,-- Free agent,2026-10-06
2022,1,16,Washington Commanders,Indianapolis via Philadelphia and New Orleans,Jahan Dotson,WR,Penn State,Atlanta Falcons,2026-10-06
2022,1,17,Los Angeles Chargers,,Zion Johnson,OG,Boston College,Cleveland Browns,2026-10-06
2022,1,18,Tennessee Titans,New Orleans via Philadelphia,Treylon Burks,WR,Arkansas,Washington Commanders,2026-10-06
2022,1,19,New Orleans Saints,Philadelphia,Trevor Penning,OT,Northern Iowa,Los Angeles Chargers,2026-10-06
2022,1,20,Pittsburgh Steelers,,Kenny Pickett,QB,Pittsburgh,Carolina Panthers,2026-10-06
2022,1,21,Kansas City Chiefs,New England,Trent McDuffie,CB,Washington,Los Angeles Rams,2026-10-06
2022,1,22,Green Bay Packers,Las Vegas,Quay Walker,LB,Georgia,Las Vegas Raiders,2026-10-06
2022,1,23,Buffalo Bills,Arizona via Baltimore,Kaiir Elam,CB,Florida,Los Angeles Chargers,2026-10-06
2022,1,24,Dallas Cowboys,,Tyler Smith,OT,Tulsa,Dallas Cowboys,2026-10-06
2022,1,25,Baltimore Ravens,Buffalo,Tyler Linderbaum,C,Iowa,Las Vegas Raiders,2026-10-06
2022,1,26,New York Jets,Tennessee,Jermaine Johnson II,DE,Florida State,Tennessee Titans,2026-10-06
2022,1,27,Jacksonville Jaguars,Tampa Bay,Devin Lloyd,LB,Utah,Carolina Panthers,2026-10-06
2022,1,28,Green Bay Packers,,Devonte Wyatt,DT,Georgia,Green Bay Packers,2026-10-06
2022,1,29,New England Patriots,San Francisco via Miami and Kansas City,Cole Strange,OG,Chattanooga,Los Angeles Chargers,2026-10-06
2022,1,30,Kansas City Chiefs,,George Karlaftis,DE,Purdue,Kansas City Chiefs,2026-10-06
2022,1,31,Cincinnati Bengals,,Daxton Hill,S,Michigan,Cincinnati Bengals,2026-10-06
2022,1,32,Minnesota Vikings,LA Rams via Detroit,Lewis Cine,S,Georgia,-- Free agent,2026-10-06
2022,2,33,Tampa Bay Buccaneers,Jacksonville,Logan Hall,DE,Houston,Houston Texans,2026-10-06
2022,2,34,Green Bay Packers,Detroit via Minnesota,Christian Watson,WR,North Dakota State,Green Bay Packers,2026-10-06
2022,2,35,Tennessee Titans,NY Jets,Roger McCreary,CB,Auburn,Detroit Lions,2026-10-06
2022,2,36,New York Jets,NY Giants,Breece Hall,RB,Iowa State,New York Jets,2026-10-06
2022,2,37,Houston Texans,,Jalen Pitre,S,Baylor,Houston Texans,2026-10-06
2022,2,38,Atlanta Falcons,Carolina via NY Jets and NY Giants,Arnold Ebiketie,DE,Penn State,Philadelphia Eagles,2026-10-06
2022,2,39,Chicago Bears,,Kyler Gordon,CB,Washington,Chicago Bears,2026-10-06
2022,2,40,Seattle Seahawks,Denver,Boye Mafe,DE,Minnesota,Cincinnati Bengals,2026-10-06
2022,2,41,Seattle Seahawks,,Kenneth Walker III,RB,Michigan State,Kansas City Chiefs,2026-10-06
2022,2,42,Minnesota Vikings,Washington via Indianapolis,Andrew Booth Jr.,CB,Clemson,-- Free agent,2026-10-06
2022,2,43,New York Giants,Atlanta,Wan'Dale Robinson,WR,Kentucky,Tennessee Titans,2026-10-06
2022,2,44,Houston Texans,Cleveland,John Metchie III,WR,Alabama,Carolina Panthers,2026-10-06
2022,2,45,Baltimore Ravens,,David Ojabo,LB,Michigan,New Orleans Saints,2026-10-06
2022,2,46,Detroit Lions,Minnesota,Josh Paschal,DE,Kentucky,-- Free agent,2026-10-06
2022,2,47,Washington Commanders,Indianapolis,Phidarian Mathis,DT,Alabama,Buffalo Bills,2026-10-06
2022,2,48,Chicago Bears,LA Chargers,Jaquan Brisker,S,Penn State,Pittsburgh Steelers,2026-10-06
2022,2,49,New Orleans Saints,,Alontae Taylor,CB,Tennessee,Tennessee Titans,2026-10-06
2022,2,50,New England Patriots,Miami via Kansas City,Tyquan Thornton,WR,Baylor,Kansas City Chiefs,2026-10-06
2022,2,51,Philadelphia Eagles,,Cam Jurgens,C,Nebraska,Philadelphia Eagles,2026-10-06
2022,2,52,Pittsburgh Steelers,,George Pickens,WR,Georgia,Dallas Cowboys,2026-10-06
2022,2,53,Indianapolis Colts,Las Vegas via Green Bay and Minnesota,Alec Pierce,WR,Cincinnati,Indianapolis Colts,2026-10-06
2022,2,54,Kansas City Chiefs,New England,Skyy Moore,WR,Western Michigan,Green Bay Packers,2026-10-06
2022,2,55,Arizona Cardinals,,Trey McBride,TE,Colorado State,Arizona Cardinals,2026-10-06
2022,2,56,Dallas Cowboys,,Sam Williams,DE,Ole Miss,Cleveland Browns,2026-10-06
2022,2,57,Tampa Bay Buccaneers,Buffalo,Luke Goedeke,OT,Central Michigan,Tampa Bay Buccaneers,2026-10-06
2022,2,58,Atlanta Falcons,Tennessee,Troy Andersen,LB,Montana State,-- Free agent,2026-10-06
2022,2,59,Minnesota Vikings,Green Bay,Ed Ingram,OG,LSU,Houston Texans,2026-10-06
2022,2,60,Cincinnati Bengals,Tampa Bay via Buffalo,Cam Taylor-Britt,CB,Nebraska,Indianapolis Colts,2026-10-06
2022,2,61,San Francisco 49ers,,Drake Jackson,DE,USC,Atlanta Falcons,2026-10-06
2022,2,62,Kansas City Chiefs,,Bryan Cook,S,Cincinnati,Cincinnati Bengals,2026-10-06
2022,2,63,Buffalo Bills,Cincinnati,James Cook,RB,Georgia,Buffalo Bills,2026-10-06
2022,2,64,Denver Broncos,LA Rams,Nik Bonitto,LB,Oklahoma,Denver Broncos,2026-10-06
2022,3,65,Jacksonville Jaguars,,Luke Fortner,C,Kentucky,Carolina Panthers,2026-10-06
2022,3,66,Minnesota Vikings,Detroit,Brian Asamoah,LB,Oklahoma,Atlanta Falcons,2026-10-06
2022,3,67,New York Giants,,Joshua Ezeudu,OG,North Carolina,Kansas City Chiefs,2026-10-06
2022,3,68,Cleveland Browns,Houston,Martin Emerson,CB,Mississippi State,New Orleans Saints,2026-10-06
2022,3,69,Tennessee Titans,NY Jets,Nicholas Petit-Frere,OT,Ohio State,-- Free agent,2026-10-06
2022,3,70,Jacksonville Jaguars,Carolina,Chad Muma,LB,Wyoming,-- Free agent,2026-10-06
2022,3,71,Chicago Bears,,Velus Jones Jr.,WR,Tennessee,Seattle Seahawks,2026-10-06
2022,3,72,Seattle Seahawks,,Abraham Lucas,OT,Washington State,Seattle Seahawks,2026-10-06
2022,3,73,Indianapolis Colts,Washington,Jelani Woods,TE,Virginia,New York Jets,2026-10-06
2022,3,74,Atlanta Falcons,,Desmond Ridder,QB,Cincinnati,-- Free agent,2026-10-06
2022,3,75,Houston Texans,Denver,Christian Harris,LB,Alabama,Atlanta Falcons,2026-10-06
2022,3,76,Baltimore Ravens,,Travis Jones,DT,UConn,Baltimore Ravens,2026-10-06
2022,3,77,Indianapolis Colts,Minnesota,Bernhard Raimann,OT,Central Michigan,Indianapolis Colts,2026-10-06
2022,3,78,Cleveland Browns,,Alex Wright,DE,UAB,Cleveland Browns,2026-10-06
2022,3,79,Los Angeles Chargers,,JT Woods,S,Baylor,-- Free agent,2026-10-06
2022,3,80,Denver Broncos,New Orleans via Houston,Greg Dulcich,TE,UCLA,Miami Dolphins,2026-10-06
2022,3,81,New York Giants,Miami,Cor'Dale Flott,CB,LSU,Tennessee Titans,2026-10-06
2022,3,82,Atlanta Falcons,Indianapolis,DeAngelo Malone,DE,Western Kentucky,Atlanta Falcons,2026-10-06
2022,3,83,Philadelphia Eagles,,Nakobe Dean,LB,Georgia,Las Vegas Raiders,2026-10-06
2022,3,84,Pittsburgh Steelers,,DeMarvin Leal,DE,Texas A&M,-- Free agent,2026-10-06
2022,3,85,New England Patriots,,Marcus Jones,CB,Houston,New England Patriots,2026-10-06
2022,3,86,Tennessee Titans,Las Vegas,Malik Willis,QB,Liberty,Miami Dolphins,2026-10-06
2022,3,87,Arizona Cardinals,,Cameron Thomas,DE,San Diego State,Atlanta Falcons,2026-10-06
2022,3,88,Dallas Cowboys,,Jalen Tolbert,WR,South Alabama,Miami Dolphins,2026-10-06
2022,3,89,Buffalo Bills,,Terrel Bernard,LB,Baylor,Buffalo Bills,2026-10-06
2022,3,90,Las Vegas Raiders,Tennessee,Dylan Parham,OG,Memphis,New York Jets,2026-10-06
2022,3,91,Tampa Bay Buccaneers,,Rachaad White,RB,Arizona State,Washington Commanders,2026-10-06
2022,3,92,Green Bay Packers,,Sean Rhyan,OG,UCLA,Green Bay Packers,2026-10-06
2022,3,93,San Francisco 49ers,,Tyrion Davis-Price,RB,LSU,-- Free agent,2026-10-06
2022,3,94,Carolina Panthers,Kansas City via New England,Matt Corral,QB,Ole Miss,-- Free agent,2026-10-06
2022,3,95,Cincinnati Bengals,,Zachary Carter,DT,Florida,Arizona Cardinals,2026-10-06
2022,3,96,Indianapolis Colts,LA Rams via Denver,Nick Cross,S,Maryland,Washington Commanders,2026-10-06
2022,3,97,Detroit Lions,,Kerby Joseph,S,Illinois,Detroit Lions,2026-10-06
2022,3,98,Washington Commanders,New Orleans,Brian Robinson Jr.,RB,Alabama,Atlanta Falcons,2026-10-06
2022,3,99,Cleveland Browns,,David Bell,WR,Purdue,-- Inactive,2026-10-06
2022,3,100,Arizona Cardinals,Baltimore,Myjai Sanders,DE,Cincinnati,-- Free agent,2026-10-06
2022,3,101,New York Jets,New Orleans via Philadelphia and Tennessee,Jeremy Ruckert,TE,Ohio State,New York Jets,2026-10-06
2022,3,102,Miami Dolphins,San Francisco,Channing Tindall,LB,Georgia,-- Free agent,2026-10-06
2022,3,103,Kansas City Chiefs,,Leo Chenal,LB,Wisconsin,Washington Commanders,2026-10-06
2022,3,104,Los Angeles Rams,,Logan Bruss,OG,Wisconsin,-- Free agent,2026-10-06
2022,3,105,San Francisco 49ers,,Danny Gray,WR,SMU,-- Free agent,2026-10-06
2022,4,106,Tampa Bay Buccaneers,Jacksonville,Cade Otton,TE,Washington,Tampa Bay Buccaneers,2026-10-06
2022,4,107,Houston Texans,Detroit via Cleveland,Dameon Pierce,RB,Florida,Philadelphia Eagles,2026-10-06
2022,4,108,Cleveland Browns,Houston,Perrion Winfrey,DT,Oklahoma,-- Free agent,2026-10-06
2022,4,109,Seattle Seahawks,NY Jets,Coby Bryant,CB,Cincinnati,Chicago Bears,2026-10-06
2022,4,110,Baltimore Ravens,NY Giants,Daniel Faalele,OT,Minnesota,Jacksonville Jaguars,2026-10-06
2022,4,111,New York Jets,Carolina,Max Mitchell,OT,Louisiana,New York Jets,2026-10-06
2022,4,112,New York Giants,Chicago,Daniel Bellinger,TE,San Diego State,Tennessee Titans,2026-10-06
2022,4,113,Washington Commanders,,Percy Butler,S,Louisiana,Washington Commanders,2026-10-06
2022,4,114,New York Giants,Atlanta,Dane Belton,S,Iowa,New York Jets,2026-10-06
2022,4,115,Denver Broncos,,Damarri Mathis,CB,Pittsburgh,Cleveland Browns,2026-10-06
2022,4,116,Denver Broncos,Seattle,Eyioma Uwazurike,DT,Iowa State,Denver Broncos,2026-10-06
2022,4,117,New York Jets,Minnesota,Micheal Clemons,DE,Texas A&M,Indianapolis Colts,2026-10-06
2022,4,118,Minnesota Vikings,Cleveland,Akayleb Evans,CB,Missouri,Carolina Panthers,2026-10-06
2022,4,119,Baltimore Ravens,,Jalyn Armour-Davis,CB,Alabama,-- Free agent,2026-10-06
2022,4,120,Carolina Panthers,New Orleans via Washington,Brandon Smith,LB,Penn State,-- Free agent,2026-10-06
2022,4,121,New England Patriots,Miami via Kansas City,Jack Jones,CB,Arizona State,San Francisco 49ers,2026-10-06
2022,4,122,Las Vegas Raiders,Indianapolis via Minnesota,Zamir White,RB,Georgia,New Orleans Saints,2026-10-06
2022,4,123,Los Angeles Chargers,,Isaiah Spiller,RB,Texas A&M,-- Free agent,2026-10-06
2022,4,124,Cleveland Browns,Philadelphia via Houston,Cade York,K,LSU,-- Free agent,2026-10-06
2022,4,125,Miami Dolphins,Pittsburgh,Erik Ezukanma,WR,Texas Tech,-- Free agent,2026-10-06
2022,4,126,Las Vegas Raiders,Las Vegas via Minnesota,Neil Farrell Jr.,DT,LSU,-- Free agent,2026-10-06
2022,4,127,New England Patriots,,Pierre Strong Jr.,RB,South Dakota State,Green Bay Packers,2026-10-06
2022,4,128,Baltimore Ravens,Arizona,Charlie Kolar,TE,Iowa State,Los Angeles Chargers,2026-10-06
2022,4,129,Dallas Cowboys,,Jake Ferguson,TE,Wisconsin,Dallas Cowboys,2026-10-06
2022,4,130,Baltimore Ravens,Buffalo,Jordan Stout,P,Penn State,New York Giants,2026-10-06
2022,4,131,Tennessee Titans,,Hassan Haskins,RB,Michigan,-- Free agent,2026-10-06
2022,4,132,Green Bay Packers,,Romeo Doubs,WR,Nevada,New England Patriots,2026-10-06
2022,4,133,Tampa Bay Buccaneers,,Jake Camarda,P,Georgia,-- Free agent,2026-10-06
2022,4,134,San Francisco 49ers,,Spencer Burford,OT,UTSA,Las Vegas Raiders,2026-10-06
2022,4,135,Kansas City Chiefs,,Joshua Williams,CB,Fayetteville State,Tennessee Titans,2026-10-06
2022,4,136,Cincinnati Bengals,,Cordell Volson,OT,North Dakota State,-- Free agent,2026-10-06
2022,4,137,New England Patriots,LA Rams via Houston and Carolina,Bailey Zappe,QB,Western Kentucky,-- Free agent,2026-10-06
2022,4,138,Pittsburgh Steelers,,Calvin Austin,WR,Memphis,New York Giants,2026-10-06
2022,4,139,Baltimore Ravens,,Isaiah Likely,TE,Coastal Carolina,New York Giants,2026-10-06
2022,4,140,Green Bay Packers,,Zach Tom,OG,Wake Forest,Green Bay Packers,2026-10-06
2022,4,141,Baltimore Ravens,,Damarion Williams,CB,Houston,-- Free agent,2026-10-06
2022,4,142,Los Angeles Rams,,Cobie Durant,CB,South Carolina State,Dallas Cowboys,2026-10-06
2022,4,143,Tennessee Titans,,Chig Okonkwo,TE,Maryland,Washington Commanders,2026-10-06
2022,5,144,Washington Commanders,Jacksonville via Carolina,Sam Howell,QB,North Carolina,Dallas Cowboys,2026-10-06
2022,5,145,Kansas City Chiefs,Detroit via Denver and Seattle,Darian Kinnard,OT,Kentucky,-- Free agent,2026-10-06
2022,5,146,New York Giants,NY Jets,Micah McFadden,LB,Indiana,New York Giants,2026-10-06
2022,5,147,New York Giants,,DJ Davidson,DT,Arizona State,-- Inactive,2026-10-06
2022,5,148,Buffalo Bills,Houston via Chicago,Khalil Shakir,WR,Boise State,Buffalo Bills,2026-10-06
2022,5,149,Washington Commanders,Carolina,Cole Turner,TE,Nevada,Miami Dolphins,2026-10-06
2022,5,150,Houston Texans,Chicago,Thomas Booker,DT,Stanford,Las Vegas Raiders,2026-10-06
2022,5,151,Atlanta Falcons,,Tyler Allgeier,RB,BYU,Arizona Cardinals,2026-10-06
2022,5,152,Denver Broncos,,Delarrin Turner-Yell,S,Oklahoma,-- Free agent,2026-10-06
2022,5,153,Seattle Seahawks,,Riq Woolen,CB,UTSA,Philadelphia Eagles,2026-10-06
2022,5,154,Jacksonville Jaguars,Washington via Philadelphia,Snoop Conner,RB,Ole Miss,-- Free agent,2026-10-06
2022,5,155,Dallas Cowboys,Cleveland,Matt Waletzko,OT,North Dakota,Kansas City Chiefs,2026-10-06
2022,5,156,Cleveland Browns,Baltimore via Minnesota,Jerome Ford,RB,Cincinnati,-- Free agent,2026-10-06
2022,5,157,Tampa Bay Buccaneers,Minnesota via Jacksonville,Zyon McCollum,CB,Sam Houston State,Tampa Bay Buccaneers,2026-10-06
2022,5,158,Seattle Seahawks,Miami via New England and Kansas City,Tyreke Smith,DE,Ohio State,Kansas City Chiefs,2026-10-06
2022,5,159,Indianapolis Colts,,Eric Johnson,DT,Missouri State,-- Free agent,2026-10-06
2022,5,160,Los Angeles Chargers,,Otito Ogbonnia,DT,UCLA,Dallas Cowboys,2026-10-06
2022,5,161,New Orleans Saints,,D'Marco Jackson,LB,Appalachian State,Chicago Bears,2026-10-06
2022,5,162,Denver Broncos,Philadelphia via Houston,Montrell Washington,WR,Samford,-- Free agent,2026-10-06
2022,5,163,Tennessee Titans,Pittsburgh via NY Jets,Kyle Philips,WR,UCLA,-- Free agent,2026-10-06
2022,5,164,Los Angeles Rams,New England via Las Vegas,Kyren Williams,RB,Notre Dame,Los Angeles Rams,2026-10-06
2022,5,165,Minnesota Vikings,Las Vegas,Esezi Otomewo,DE,Minnesota,Pittsburgh Steelers,2026-10-06
2022,5,166,Cincinnati Bengals,"Arizona via Philadelphia, Houston and Chicago",Tycen Anderson,S,Toledo,Denver Broncos,2026-10-06
2022,5,167,Dallas Cowboys,,DaRon Bland,CB,Fresno State,Dallas Cowboys,2026-10-06
2022,5,168,Chicago Bears,Buffalo,Braxton Jones,OT,Southern Utah,Chicago Bears,2026-10-06
2022,5,169,Minnesota Vikings,Tennessee via Las Vegas,Ty Chandler,RB,North Carolina,New Orleans Saints,2026-10-06
2022,5,170,Houston Texans,Tampa Bay via New England,Teagan Quitoriano,TE,Oregon State,Arizona Cardinals,2026-10-06
2022,5,171,Denver Broncos,Green Bay,Luke Wattenberg,C,Washington,Denver Broncos,2026-10-06
2022,5,172,San Francisco 49ers,,Samuel Womack,CB,Toledo,New York Jets,2026-10-06
2022,5,173,New York Giants,Kansas City via Baltimore,Marcus McKethan,OG,North Carolina,-- Free agent,2026-10-06
2022,5,174,Chicago Bears,Cincinnati,Dominique Robinson,DE,Miami (OH),Houston Texans,2026-10-06
2022,5,175,Las Vegas Raiders,LA Rams,Matthew Butler,DT,Tennessee,-- Free agent,2026-10-06
2022,5,176,Dallas Cowboys,,Damone Clark,LB,LSU,Detroit Lions,2026-10-06
2022,5,177,Detroit Lions,,James Mitchell,TE,Virginia Tech,Dallas Cowboys,2026-10-06
2022,5,178,Dallas Cowboys,,John Ridgeway III,DT,Arkansas,New Orleans Saints,2026-10-06
2022,5,179,Green Bay Packers,Indianapolis via Denver,Kingsley Enagbare,DE,South Carolina,New York Jets,2026-10-06
2022,6,180,Buffalo Bills,Jacksonville via Tampa Bay,Matt Araiza,P,San Diego State,Kansas City Chiefs,2026-10-06
2022,6,181,Philadelphia Eagles,Detroit,Kyron Johnson,DE,Kansas,-- Free agent,2026-10-06
2022,6,182,New York Giants,,Darrian Beavers,LB,Cincinnati,-- Free agent,2026-10-06
2022,6,183,New England Patriots,Houston,Kevin Harris,RB,South Carolina,-- Free agent,2026-10-06
2022,6,184,Minnesota Vikings,NY Jets,Vederian Lowe,OT,Illinois,San Francisco 49ers,2026-10-06
2022,6,185,Buffalo Bills,Carolina,Christian Benford,CB,Villanova,Buffalo Bills,2026-10-06
2022,6,186,Chicago Bears,,Zachary Thomas,OT,San Diego State,-- Free agent,2026-10-06
2022,6,187,San Francisco 49ers,Denver,Nick Zakelj,OT,Fordham,San Francisco 49ers,2026-10-06
2022,6,188,Detroit Lions,Seattle via Jacksonville and Philadelphia,Malcolm Rodriguez,LB,Oklahoma State,Detroit Lions,2026-10-06
2022,6,189,Carolina Panthers,Washington,Amaré Barno,DE,Virginia Tech,-- Free agent,2026-10-06
2022,6,190,Atlanta Falcons,,Justin Shaffer,OG,Georgia,-- Free agent,2026-10-06
2022,6,191,Minnesota Vikings,Baltimore via Kansas City,Jalen Nailor,WR,Michigan State,Las Vegas Raiders,2026-10-06
2022,6,192,Indianapolis Colts,Minnesota,Drew Ogletree,TE,Youngstown State,Indianapolis Colts,2026-10-06
2022,6,193,Dallas Cowboys,Cleveland,Devin Harper,LB,Oklahoma State,-- Free agent,2026-10-06
2022,6,194,New Orleans Saints,Indianapolis via Philadelphia,Jordan Jackson,DT,Air Force,Denver Broncos,2026-10-06
2022,6,195,Los Angeles Chargers,,Jamaree Salyer,OG,Georgia,-- Free agent,2026-10-06
2022,6,196,Baltimore Ravens,Miami,Tyler Badie,RB,Missouri,Denver Broncos,2026-10-06
2022,6,197,Jacksonville Jaguars,Philadelphia,Gregory Junior,CB,Ouachita Baptist,-- Free agent,2026-10-06
2022,6,198,Philadelphia Eagles,Pittsburgh via Jacksonville,Grant Calcaterra,TE,SMU,Philadelphia Eagles,2026-10-06
2022,6,199,Carolina Panthers,Las Vegas,Cade Mays,OG,Tennessee,Detroit Lions,2026-10-06
2022,6,200,New England Patriots,,Sam Roberts,DE,Northwest Missouri State,-- Free agent,2026-10-06
2022,6,201,Arizona Cardinals,,Keaontay Ingram,RB,USC,-- Free agent,2026-10-06
2022,6,202,Cleveland Browns,Dallas,Michael Woods II,WR,Oklahoma,-- Free agent,2026-10-06
2022,6,203,Chicago Bears,Buffalo,Trestan Ebner,RB,Baylor,-- Free agent,2026-10-06
2022,6,204,Tennessee Titans,,Theo Jackson,S,Tennessee,Minnesota Vikings,2026-10-06
2022,6,205,Houston Texans,Green Bay,Austin Deculus,OT,LSU,-- Free agent,2026-10-06
2022,6,206,Denver Broncos,Tampa Bay via NY Jets and Philadelphia,Matt Henningsen,DT,Wisconsin,Denver Broncos,2026-10-06
2022,6,207,Chicago Bears,San Francisco via NY Jets and Houston,Doug Kramer,C,Illinois,-- Free agent,2026-10-06
2022,6,208,Pittsburgh Steelers,Kansas City,Connor Heyward,TE,Michigan State,Las Vegas Raiders,2026-10-06
2022,6,209,Buffalo Bills,Cincinnati,Luke Tenuta,OT,Virginia Tech,Indianapolis Colts,2026-10-06
2022,6,210,New England Patriots,LA Rams,Chasen Hines,OG,LSU,-- Free agent,2026-10-06
2022,6,211,Los Angeles Rams,,Quentin Lake,S,UCLA,Los Angeles Rams,2026-10-06
2022,6,212,Los Angeles Rams,,Derion Kendrick,CB,Georgia,Dallas Cowboys,2026-10-06
2022,6,213,Atlanta Falcons,,John FitzPatrick,TE,Georgia,Cleveland Browns,2026-10-06
2022,6,214,Los Angeles Chargers,,Ja'Sir Taylor,CB,Wake Forest,Cincinnati Bengals,2026-10-06
2022,6,215,Arizona Cardinals,,Lecitus Smith,OG,Virginia Tech,-- Free agent,2026-10-06
2022,6,216,Indianapolis Colts,,Curtis Brooks,DT,Cincinnati,-- Free agent,2026-10-06
2022,6,217,Detroit Lions,,James Houston IV,LB,Jackson State,Dallas Cowboys,2026-10-06
2022,6,218,Tampa Bay Buccaneers,LA Rams,Ko Kieft,TE,Minnesota,Tampa Bay Buccaneers,2026-10-06
2022,6,219,Tennessee Titans,,Chance Campbell,LB,Ole Miss,Philadelphia Eagles,2026-10-06
2022,6,220,San Francisco 49ers,,Kalia Davis,DT,UCF,Cleveland Browns,2026-10-06
2022,6,221,San Francisco 49ers,,Tariq Castro-Fields,CB,Penn State,Philadelphia Eagles,2026-10-06
2022,7,222,Jacksonville Jaguars,,Montaric Brown,CB,Arkansas,Jacksonville Jaguars,2026-10-06
2022,7,223,Cleveland Browns,Detroit,Isaiah Thomas,DE,Oklahoma,-- Free agent,2026-10-06
2022,7,224,Miami Dolphins,Houston via New England and Baltimore,Cameron Goode,LB,California,-- Free agent,2026-10-06
2022,7,225,Pittsburgh Steelers,NY Jets,Mark Robinson,LB,Ole Miss,-- Free agent,2026-10-06
2022,7,226,Chicago Bears,NY Giants via Cincinnati,Ja'Tyre Carter,OT,Southern,-- Free agent,2026-10-06
2022,7,227,Minnesota Vikings,Carolina via Las Vegas,Nick Muse,TE,South Carolina,Atlanta Falcons,2026-10-06
2022,7,228,Green Bay Packers,Chicago via Houston,Tariq Carpenter,S,Georgia Tech,-- Free agent,2026-10-06
2022,7,229,Seattle Seahawks,,Bo Melton,WR,Rutgers,Green Bay Packers,2026-10-06
2022,7,230,Washington Commanders,,Chris Paul,OG,Tulsa,Washington Commanders,2026-10-06
2022,7,231,Buffalo Bills,Atlanta,Baylon Spector,LB,Clemson,-- Free agent,2026-10-06
2022,7,232,Denver Broncos,,Faion Hicks,CB,Wisconsin,-- Free agent,2026-10-06
2022,7,233,Seattle Seahawks,Minnesota via Kansas City,Dareke Young,WR,Lenoir–Rhyne,Las Vegas Raiders,2026-10-06
2022,7,234,Green Bay Packers,Cleveland via Detroit and Denver,Jonathan Ford,DT,Miami (FL),Green Bay Packers,2026-10-06
2022,7,235,Los Angeles Rams,Baltimore via Jacksonville and Tampa Bay,Daniel Hardy,DE,Montana State,Chicago Bears,2026-10-06
2022,7,236,Los Angeles Chargers,,Deane Leonard,CB,Ole Miss,Los Angeles Chargers,2026-10-06
2022,7,237,Detroit Lions,New Orleans via Philadelphia,Chase Lucas,CB,Arizona State,-- Free agent,2026-10-06
2022,7,238,Las Vegas Raiders,Miami via LA Rams,Thayer Munford,OT,Ohio State,-- Inactive,2026-10-06
2022,7,239,Indianapolis Colts,,Rodney Thomas II,S,Yale,Seattle Seahawks,2026-10-06
2022,7,240,Washington Commanders,Philadelphia via Indianapolis,Christian Holmes,CB,Oklahoma State,-- Free agent,2026-10-06
2022,7,241,Pittsburgh Steelers,,Chris Oladokun,QB,South Dakota State,-- Free agent,2026-10-06
2022,7,242,Carolina Panthers,New England via Miami,Kalon Barnes,CB,Baylor,-- Free agent,2026-10-06
2022,7,243,Kansas City Chiefs,Las Vegas via New England,Jaylen Watson,CB,Washington State,Los Angeles Rams,2026-10-06
2022,7,244,Arizona Cardinals,,Christian Matthew,CB,Valdosta State,-- Free agent,2026-10-06
2022,7,245,New England Patriots,Dallas via Houston,Andrew Stueber,OG,Michigan,-- Free agent,2026-10-06
2022,7,246,Cleveland Browns,Buffalo,Dawson Deaton,C,Texas Tech,-- Free agent,2026-10-06
2022,7,247,Miami Dolphins,Tennessee,Skylar Thompson,QB,Kansas State,Baltimore Ravens,2026-10-06
2022,7,248,Tampa Bay Buccaneers,,Andre Anthony,DE,LSU,-- Free agent,2026-10-06
2022,7,249,Green Bay Packers,,Rasheed Walker,OT,Penn State,Carolina Panthers,2026-10-06
2022,7,250,Las Vegas Raiders,San Francisco via Denver and Minnesota,Brittain Brown,RB,UCLA,Chicago Bears,2026-10-06
2022,7,251,Kansas City Chiefs,,Isiah Pacheco,RB,Rutgers,Detroit Lions,2026-10-06
2022,7,252,Cincinnati Bengals,,Jeffrey Gunter,DE,Coastal Carolina,-- Inactive,2026-10-06
2022,7,253,Los Angeles Rams,,Russ Yeast,S,Kansas State,Cincinnati Bengals,2026-10-06
2022,7,254,Chicago Bears,LA Chargers,Elijah Hicks,S,California,Chicago Bears,2026-10-06
2022,7,255,Chicago Bears,LA Chargers,Trenton Gill,P,NC State,-- Free agent,2026-10-06
2022,7,256,Arizona Cardinals,,Jesse Luketa,LB,Penn State,-- Free agent,2026-10-06
2022,7,257,Arizona Cardinals,,Marquis Hayes,OG,Oklahoma,-- Free agent,2026-10-06
2022,7,258,Green Bay Packers,,Samori Toure,WR,Nebraska,-- Free agent,2026-10-06
2022,7,259,Kansas City Chiefs,,Nazeeh Johnson,S,Marshall,-- Free agent,2026-10-06
2022,7,260,Los Angeles Chargers,,Zander Horvath,FB,Purdue,-- Free agent,2026-10-06
2022,7,261,Los Angeles Rams,Tampa Bay,A. J. Arcuri,OT,Michigan State,Baltimore Ravens,2026-10-06
2022,7,262,San Francisco 49ers,,Brock Purdy,QB,Iowa State,San Francisco 49ers,2026-10-06
2021,1,1,Jacksonville Jaguars,,Trevor Lawrence,QB,Clemson,Jacksonville Jaguars,2026-10-06
2021,1,2,New York Jets,,Zach Wilson,QB,BYU,New Orleans Saints,2026-10-06
2021,1,3,San Francisco 49ers,Houston via Miami,Trey Lance,QB,North Dakota State,Los Angeles Chargers,2026-10-06
2021,1,4,Atlanta Falcons,,Kyle Pitts,TE,Florida,Atlanta Falcons,2026-10-06
2021,1,5,Cincinnati Bengals,,Ja'Marr Chase,WR,LSU,Cincinnati Bengals,2026-10-06
2021,1,6,Miami Dolphins,Philadelphia,Jaylen Waddle,WR,Alabama,Denver Broncos,2026-10-06
2021,1,7,Detroit Lions,,Penei Sewell,OT,Oregon,Detroit Lions,2026-10-06
2021,1,8,Carolina Panthers,,Jaycee Horn,CB,South Carolina,Carolina Panthers,2026-10-06
2021,1,9,Denver Broncos,,Patrick Surtain II,CB,Alabama,Denver Broncos,2026-10-06
2021,1,10,Philadelphia Eagles,Dallas,DeVonta Smith,WR,Alabama,Philadelphia Eagles,2026-10-06
2021,1,11,Chicago Bears,NY Giants,Justin Fields,QB,Ohio State,Kansas City Chiefs,2026-10-06
2021,1,12,Dallas Cowboys,San Francisco via Miami and Philadelphia,Micah Parsons,LB,Penn State,Green Bay Packers,2026-10-06
2021,1,13,Los Angeles Chargers,,Rashawn Slater,OT,Northwestern,Los Angeles Chargers,2026-10-06
2021,1,14,New York Jets,Minnesota,Alijah Vera-Tucker,OG,USC,New England Patriots,2026-10-06
2021,1,15,New England Patriots,,Mac Jones,QB,Alabama,San Francisco 49ers,2026-10-06
2021,1,16,Arizona Cardinals,,Zaven Collins,LB,Tulsa,Arizona Cardinals,2026-10-06
2021,1,17,Las Vegas Raiders,,Alex Leatherwood,OT,Alabama,-- Free agent,2026-10-06
2021,1,18,Miami Dolphins,,Jaelan Phillips,DE,Miami (FL),Carolina Panthers,2026-10-06
2021,1,19,Washington Football Team,,Jamin Davis,LB,Kentucky,-- Free agent,2026-10-06
2021,1,20,New York Giants,Chicago,Kadarius Toney,WR,Florida,-- Free agent,2026-10-06
2021,1,21,Indianapolis Colts,,Kwity Paye,DE,Michigan,Las Vegas Raiders,2026-10-06
2021,1,22,Tennessee Titans,,Caleb Farley,CB,Virginia Tech,-- Free agent,2026-10-06
2021,1,23,Minnesota Vikings,Seattle via NY Jets,Christian Darrisaw,OT,Virginia Tech,Minnesota Vikings,2026-10-06
2021,1,24,Pittsburgh Steelers,,Najee Harris,RB,Alabama,New York Giants,2026-10-06
2021,1,25,Jacksonville Jaguars,LA Rams,Travis Etienne,RB,Clemson,New Orleans Saints,2026-10-06
2021,1,26,Cleveland Browns,,Greg Newsome II,CB,Northwestern,New York Giants,2026-10-06
2021,1,27,Baltimore Ravens,,Rashod Bateman,WR,Minnesota,Baltimore Ravens,2026-10-06
2021,1,28,New Orleans Saints,,Payton Turner,DE,Houston,Detroit Lions,2026-10-06
2021,1,29,Green Bay Packers,,Eric Stokes,CB,Georgia,Las Vegas Raiders,2026-10-06
2021,1,30,Buffalo Bills,,Gregory Rousseau,DE,Miami (FL),Buffalo Bills,2026-10-06
2021,1,31,Baltimore Ravens,Kansas City,Odafe Oweh,DE,Penn State,Washington Commanders,2026-10-06
2021,1,32,Tampa Bay Buccaneers,,Joe Tryon-Shoyinka,DE,Washington,-- Retired,2026-10-06
2021,2,33,Jacksonville Jaguars,,Tyson Campbell,CB,Georgia,Cleveland Browns,2026-10-06
2021,2,34,New York Jets,,Elijah Moore,WR,Ole Miss,Philadelphia Eagles,2026-10-06
2021,2,35,Denver Broncos,Atlanta,Javonte Williams,RB,North Carolina,Dallas Cowboys,2026-10-06
2021,2,36,Miami Dolphins,Houston,Jevon Holland,S,Oregon,New York Giants,2026-10-06
2021,2,37,Philadelphia Eagles,,Landon Dickerson,C,Alabama,Philadelphia Eagles,2026-10-06
2021,2,38,New England Patriots,Cincinnati,Christian Barmore,DT,Alabama,New England Patriots,2026-10-06
2021,2,39,Chicago Bears,Carolina,Teven Jenkins,OT,Oklahoma State,Cleveland Browns,2026-10-06
2021,2,40,Atlanta Falcons,Denver,Richie Grant,S,UCF,-- Free agent,2026-10-06
2021,2,41,Detroit Lions,,Levi Onwuzurike,DT,Washington,Detroit Lions,2026-10-06
2021,2,42,Miami Dolphins,NY Giants,Liam Eichenberg,OT,Notre Dame,-- Free agent,2026-10-06
2021,2,43,Las Vegas Raiders,San Francisco,Trevon Moehrig,S,TCU,Carolina Panthers,2026-10-06
2021,2,44,Dallas Cowboys,,Kelvin Joseph,CB,Kentucky,-- Free agent,2026-10-06
2021,2,45,Jacksonville Jaguars,Minnesota,Walker Little,OT,Stanford,Jacksonville Jaguars,2026-10-06
2021,2,46,Cincinnati Bengals,New England,Jackson Carman,OT,Clemson,-- Free agent,2026-10-06
2021,2,47,Los Angeles Chargers,,Asante Samuel Jr.,CB,Florida State,Pittsburgh Steelers,2026-10-06
2021,2,48,San Francisco 49ers,Las Vegas,Aaron Banks,OG,Notre Dame,Green Bay Packers,2026-10-06
2021,2,49,Arizona Cardinals,,Rondale Moore,WR,Purdue,-- Inactive,2026-10-06
2021,2,50,New York Giants,Miami,Azeez Ojulari,DE,Georgia,Las Vegas Raiders,2026-10-06
2021,2,51,Washington Football Team,,Sam Cosmi,OT,Texas,Washington Commanders,2026-10-06
2021,2,52,Cleveland Browns,Chicago via Carolina,Jeremiah Owusu-Koramoah,LB,Notre Dame,Cleveland Browns,2026-10-06
2021,2,53,Tennessee Titans,,Dillon Radunz,OT,North Dakota State,New Orleans Saints,2026-10-06
2021,2,54,Indianapolis Colts,,Dayo Odeyingbo,DE,Vanderbilt,Chicago Bears,2026-10-06
2021,2,55,Pittsburgh Steelers,,Pat Freiermuth,TE,Penn State,Pittsburgh Steelers,2026-10-06
2021,2,56,Seattle Seahawks,,D'Wayne Eskridge,WR,Western Michigan,-- Free agent,2026-10-06
2021,2,57,Los Angeles Rams,,Tutu Atwell,WR,Louisville,Los Angeles Rams,2026-10-06
2021,2,58,Kansas City Chiefs,Baltimore,Nick Bolton,LB,Missouri,Kansas City Chiefs,2026-10-06
2021,2,59,Carolina Panthers,Cleveland,Terrace Marshall Jr.,WR,LSU,-- Free agent,2026-10-06
2021,2,60,New Orleans Saints,,Pete Werner,LB,Ohio State,New Orleans Saints,2026-10-06
2021,2,61,Buffalo Bills,,Boogie Basham,DE,Wake Forest,-- Free agent,2026-10-06
2021,2,62,Green Bay Packers,,Josh Myers,C,Ohio State,New York Jets,2026-10-06
2021,2,63,Kansas City Chiefs,,Creed Humphrey,C,Oklahoma,Kansas City Chiefs,2026-10-06
2021,2,64,Tampa Bay Buccaneers,,Kyle Trask,QB,Florida,-- Free agent,2026-10-06
2021,3,65,Jacksonville Jaguars,,Andre Cisco,S,Syracuse,New York Jets,2026-10-06
2021,3,66,Minnesota Vikings,NY Jets,Kellen Mond,QB,Texas A&M,-- Free agent,2026-10-06
2021,3,67,Houston Texans,,Davis Mills,QB,Stanford,Houston Texans,2026-10-06
2021,3,68,Atlanta Falcons,,Jalen Mayfield,OT,Michigan,-- Free agent,2026-10-06
2021,3,69,Cincinnati Bengals,,Joseph Ossai,DE,Texas,New York Jets,2026-10-06
2021,3,70,Carolina Panthers,Philadelphia,Brady Christensen,OT,BYU,Carolina Panthers,2026-10-06
2021,3,71,New York Giants,Denver,Aaron Robinson,CB,UCF,-- Free agent,2026-10-06
2021,3,72,Detroit Lions,,Alim McNeill,DT,NC State,Detroit Lions,2026-10-06
2021,3,73,Philadelphia Eagles,Carolina,Milton Williams,DT,Louisiana Tech,New England Patriots,2026-10-06
2021,3,74,Washington Football Team,San Francisco,Benjamin St-Juste,CB,Minnesota,Green Bay Packers,2026-10-06
2021,3,75,Dallas Cowboys,,Osa Odighizuwa,DT,UCLA,San Francisco 49ers,2026-10-06
2021,3,76,New Orleans Saints,NY Giants via Denver,Paulson Adebo,CB,Stanford,New York Giants,2026-10-06
2021,3,77,Los Angeles Chargers,,Josh Palmer,WR,Tennessee,Buffalo Bills,2026-10-06
2021,3,78,Minnesota Vikings,,Chazz Surratt,LB,North Carolina,Seattle Seahawks,2026-10-06
2021,3,79,Las Vegas Raiders,Arizona,Malcolm Koonce,DE,Buffalo,Las Vegas Raiders,2026-10-06
2021,3,80,Las Vegas Raiders,,Divine Deablo,LB,Virginia Tech,Atlanta Falcons,2026-10-06
2021,3,81,Miami Dolphins,,Hunter Long,TE,Boston College,Arizona Cardinals,2026-10-06
2021,3,82,Washington Football Team,,Dyami Brown,WR,North Carolina,Washington Commanders,2026-10-06
2021,3,83,Carolina Panthers,Chicago,Tommy Tremble,TE,Notre Dame,Carolina Panthers,2026-10-06
2021,3,84,Dallas Cowboys,Indianapolis via Philadelphia,Chauncey Golston,DE,Iowa,New York Giants,2026-10-06
2021,3,85,Green Bay Packers,Tennessee,Amari Rodgers,WR,Clemson,-- Free agent,2026-10-06
2021,3,86,Minnesota Vikings,Seattle via NY Jets,Wyatt Davis,OG,Ohio State,-- Free agent,2026-10-06
2021,3,87,Pittsburgh Steelers,,Kendrick Green,C,Illinois,New York Giants,2026-10-06
2021,3,88,San Francisco 49ers,LA Rams,Trey Sermon,RB,Ohio State,Atlanta Falcons,2026-10-06
2021,3,89,Houston Texans,Cleveland via Carolina,Nico Collins,WR,Michigan,Houston Texans,2026-10-06
2021,3,90,Minnesota Vikings,Baltimore,Patrick Jones II,DE,Pittsburgh,Carolina Panthers,2026-10-06
2021,3,91,Cleveland Browns,New Orleans,Anthony Schwartz,WR,Auburn,-- Inactive,2026-10-06
2021,3,92,Tennessee Titans,Green Bay,Monty Rice,LB,Georgia,-- Free agent,2026-10-06
2021,3,93,Buffalo Bills,,Spencer Brown,OT,Northern Iowa,Buffalo Bills,2026-10-06
2021,3,94,Baltimore Ravens,Kansas City,Ben Cleveland,OG,Georgia,-- Free agent,2026-10-06
2021,3,95,Tampa Bay Buccaneers,,Robert Hainsey,OT,Notre Dame,Jacksonville Jaguars,2026-10-06
2021,3,96,New England Patriots,,Ronnie Perkins,DE,Oklahoma,-- Free agent,2026-10-06
2021,3,97,Los Angeles Chargers,,Tre' McKitty,TE,Georgia,-- Free agent,2026-10-06
2021,3,98,Denver Broncos,New Orleans,Quinn Meinerz,OG,Wisconsin–Whitewater,Denver Broncos,2026-10-06
2021,3,99,Dallas Cowboys,,Nahshon Wright,CB,Oregon State,New York Jets,2026-10-06
2021,3,100,Tennessee Titans,,Elijah Molden,CB,Washington,Los Angeles Chargers,2026-10-06
2021,3,101,Detroit Lions,LA Rams,Ifeatu Melifonwu,CB,Syracuse,Tampa Bay Buccaneers,2026-10-06
2021,3,102,San Francisco 49ers,,Ambry Thomas,CB,Michigan,-- Free agent,2026-10-06
2021,3,103,Los Angeles Rams,,Ernest Jones,LB,South Carolina,Seattle Seahawks,2026-10-06
2021,3,104,Baltimore Ravens,,Brandon Stephens,CB,SMU,New York Jets,2026-10-06
2021,3,105,Denver Broncos,New Orleans,Baron Browning,LB,Ohio State,Arizona Cardinals,2026-10-06
2021,4,106,Jacksonville Jaguars,,Jay Tufele,DT,USC,-- Free agent,2026-10-06
2021,4,107,New York Jets,,Michael Carter,RB,North Carolina,Tennessee Titans,2026-10-06
2021,4,108,Atlanta Falcons,,Darren Hall,CB,San Diego State,-- Free agent,2026-10-06
2021,4,109,Tennessee Titans,Houston via Carolina,Dez Fitzpatrick,WR,Louisville,-- Free agent,2026-10-06
2021,4,110,Cleveland Browns,Philadelphia,James Hudson,OT,Cincinnati,Tennessee Titans,2026-10-06
2021,4,111,Cincinnati Bengals,,Cameron Sample,DE,Tulane,-- Free agent,2026-10-06
2021,4,112,Detroit Lions,,Amon-Ra St. Brown,WR,USC,Detroit Lions,2026-10-06
2021,4,113,Detroit Lions,Carolina via Cleveland,Derrick Barnes,LB,Purdue,Detroit Lions,2026-10-06
2021,4,114,Atlanta Falcons,Denver,Drew Dalman,C,Stanford,-- Inactive,2026-10-06
2021,4,115,Dallas Cowboys,,Jabril Cox,LB,LSU,-- Free agent,2026-10-06
2021,4,116,New York Giants,,Elerson Smith,DE,Northern Iowa,-- Inactive,2026-10-06
2021,4,117,Los Angeles Rams,San Francisco,Bobby Brown III,DT,Texas A&M,Carolina Panthers,2026-10-06
2021,4,118,Los Angeles Chargers,,Chris Rumph II,DE,Duke,New Orleans Saints,2026-10-06
2021,4,119,Minnesota Vikings,,Kene Nwangwu,RB,Iowa State,New York Jets,2026-10-06
2021,4,120,New England Patriots,,Rhamondre Stevenson,RB,Oklahoma,New England Patriots,2026-10-06
2021,4,121,Jacksonville Jaguars,"Las Vegas via Miami, Las Vegas, San Francisco and LA Rams",Jordan Smith,DE,UAB,-- Free agent,2026-10-06
2021,4,122,Cincinnati Bengals,Arizona via Houston and New England,Tyler Shelvin,DT,LSU,-- Free agent,2026-10-06
2021,4,123,Philadelphia Eagles,Miami,Zech McPhearson,CB,Texas Tech,Los Angeles Rams,2026-10-06
2021,4,124,Washington Football Team,,John Bates,TE,Boise State,Washington Commanders,2026-10-06
2021,4,125,Minnesota Vikings,Chicago,Camryn Bynum,S,California,Indianapolis Colts,2026-10-06
2021,4,126,Carolina Panthers,Tennessee,Chuba Hubbard,RB,Oklahoma State,Carolina Panthers,2026-10-06
2021,4,127,Indianapolis Colts,,Kylen Granson,TE,SMU,Tennessee Titans,2026-10-06
2021,4,128,Pittsburgh Steelers,,Dan Moore,OT,Texas A&M,Tennessee Titans,2026-10-06
2021,4,129,Tampa Bay Buccaneers,Seattle,Jaelon Darden,WR,North Texas,-- Free agent,2026-10-06
2021,4,130,Los Angeles Rams,LA Rams via Jacksonville,Robert Rochell,CB,Central Arkansas,Carolina Panthers,2026-10-06
2021,4,131,Baltimore Ravens,,Tylan Wallace,WR,Oklahoma State,Cleveland Browns,2026-10-06
2021,4,132,Cleveland Browns,,Tommy Togiai,DT,Ohio State,Houston Texans,2026-10-06
2021,4,133,New Orleans Saints,,Ian Book,QB,Notre Dame,-- Free agent,2026-10-06
2021,4,134,Minnesota Vikings,Buffalo,Janarius Robinson,DE,Florida State,-- Free agent,2026-10-06
2021,4,135,Tennessee Titans,Green Bay,Rashad Weaver,DE,Pittsburgh,-- Free agent,2026-10-06
2021,4,136,Arizona Cardinals,Kansas City via Baltimore,Marco Wilson,CB,Florida,-- Free agent,2026-10-06
2021,4,137,Seattle Seahawks,Tampa Bay,Tre Brown,CB,Oklahoma,New York Jets,2026-10-06
2021,4,138,Dallas Cowboys,,Josh Ball,OT,Marshall,-- Free agent,2026-10-06
2021,4,139,Cincinnati Bengals,New England,D'Ante Smith,OT,East Carolina,-- Free agent,2026-10-06
2021,4,140,Pittsburgh Steelers,,Buddy Johnson,LB,Texas A&M,Chicago Bears,2026-10-06
2021,4,141,Los Angeles Rams,,Jacob Harris,WR,UCF,-- Free agent,2026-10-06
2021,4,142,Green Bay Packers,,Royce Newman,OG,Ole Miss,-- Free agent,2026-10-06
2021,4,143,Las Vegas Raiders,Minnesota via NY Jets,Tyree Gillespie,S,Missouri,-- Free agent,2026-10-06
2021,4,144,Kansas City Chiefs,,Joshua Kaindoh,DE,Florida State,-- Free agent,2026-10-06
2021,5,145,Jacksonville Jaguars,,Luke Farrell,TE,Ohio State,San Francisco 49ers,2026-10-06
2021,5,146,New York Jets,,Jamien Sherwood,S,Auburn,New York Jets,2026-10-06
2021,5,147,Houston Texans,,Brevin Jordan,TE,Miami (FL),Houston Texans,2026-10-06
2021,5,148,Atlanta Falcons,,Ta'Quon Graham,DE,Texas,-- Free agent,2026-10-06
2021,5,149,Cincinnati Bengals,,Evan McPherson,K,Florida,Cincinnati Bengals,2026-10-06
2021,5,150,Philadelphia Eagles,,Kenneth Gainwell,RB,Memphis,Tampa Bay Buccaneers,2026-10-06
2021,5,151,Chicago Bears,Carolina,Larry Borom,OT,Missouri,Detroit Lions,2026-10-06
2021,5,152,Denver Broncos,,Caden Sterns,S,Texas,-- Free agent,2026-10-06
2021,5,153,Cleveland Browns,Detroit,Tony Fields II,LB,West Virginia,Chicago Bears,2026-10-06
2021,5,154,New York Jets,NY Giants,Michael Carter II,S,Duke,Philadelphia Eagles,2026-10-06
2021,5,155,San Francisco 49ers,,Jaylon Moore,OG,Western Michigan,Kansas City Chiefs,2026-10-06
2021,5,156,Pittsburgh Steelers,Dallas via Philadelphia and Miami,Isaiahh Loudermilk,DT,Wisconsin,New York Jets,2026-10-06
2021,5,157,Minnesota Vikings,,Ihmir Smith-Marsette,WR,Iowa,Carolina Panthers,2026-10-06
2021,5,158,Carolina Panthers,New England via Houston,Daviyon Nixon,DT,Iowa,-- Free agent,2026-10-06
2021,5,159,Los Angeles Chargers,,Brenden Jaimes,OT,Nebraska,-- Free agent,2026-10-06
2021,5,160,Baltimore Ravens,Arizona,Shaun Wade,CB,Ohio State,Philadelphia Eagles,2026-10-06
2021,5,161,Buffalo Bills,Las Vegas,Tommy Doyle,OT,Miami (OH),-- Retired,2026-10-06
2021,5,162,Kansas City Chiefs,Miami via Las Vegas and NY Jets,Noah Gray,TE,Duke,Kansas City Chiefs,2026-10-06
2021,5,163,Washington Football Team,,Darrick Forrest,S,Cincinnati,San Francisco 49ers,2026-10-06
2021,5,164,Denver Broncos,Chicago via NY Giants,Jamar Johnson,S,Indiana,-- Free agent,2026-10-06
2021,5,165,Indianapolis Colts,,Shawn Davis,S,Florida,-- Free agent,2026-10-06
2021,5,166,Carolina Panthers,Tennessee,Keith Taylor,CB,Washington,-- Free agent,2026-10-06
2021,5,167,Las Vegas Raiders,Seattle,Nate Hobbs,CB,Illinois,San Francisco 49ers,2026-10-06
2021,5,168,Minnesota Vikings,Pittsburgh via Baltimore,Zach Davidson,TE,Central Missouri,-- Free agent,2026-10-06
2021,5,169,Cleveland Browns,LA Rams,Richard LeCounte,S,Georgia,-- Free agent,2026-10-06
2021,5,170,Houston Texans,Cleveland via Jacksonville and LA Rams,Garret Wallow,LB,TCU,San Francisco 49ers,2026-10-06
2021,5,171,Baltimore Ravens,,Daelin Hayes,DE,Notre Dame,-- Free agent,2026-10-06
2021,5,172,San Francisco 49ers,New Orleans,Deommodore Lenoir,CB,Oregon,San Francisco 49ers,2026-10-06
2021,5,173,Green Bay Packers,,Tedarrell Slaton,DT,Florida,Cincinnati Bengals,2026-10-06
2021,5,174,Los Angeles Rams,Buffalo via Houston,Earnest Brown IV,DE,Northwestern,-- Free agent,2026-10-06
2021,5,175,New York Jets,Kansas City,Jason Pinnock,CB,Pittsburgh,New York Giants,2026-10-06
2021,5,176,Tampa Bay Buccaneers,,K. J. Britt,LB,Auburn,New England Patriots,2026-10-06
2021,5,177,New England Patriots,,Cameron McGrone,LB,Michigan,Las Vegas Raiders,2026-10-06
2021,5,178,Green Bay Packers,,Shemar Jean-Charles,CB,Appalachian State,-- Free agent,2026-10-06
2021,5,179,Dallas Cowboys,,Simi Fehoko,WR,Stanford,Arizona Cardinals,2026-10-06
2021,5,180,San Francisco 49ers,,Talanoa Hufanga,S,USC,Denver Broncos,2026-10-06
2021,5,181,Kansas City Chiefs,,Cornell Powell,WR,Clemson,-- Free agent,2026-10-06
2021,5,182,Atlanta Falcons,,Adetokunbo Ogundeji,DE,Notre Dame,-- Free agent,2026-10-06
2021,5,183,Atlanta Falcons,,Avery Williams,CB,Boise State,-- Free agent,2026-10-06
2021,5,184,Baltimore Ravens,,Ben Mason,FB,Michigan,-- Free agent,2026-10-06
2021,6,185,Los Angeles Chargers,Jacksonville via Tennessee,Nick Niemann,LB,Iowa,Green Bay Packers,2026-10-06
2021,6,186,New York Jets,NY Jets via New England,Hamsah Nasirildeen,S,Florida State,-- Free agent,2026-10-06
2021,6,187,Atlanta Falcons,,Frank Darby,WR,Arizona State,-- Free agent,2026-10-06
2021,6,188,New England Patriots,Houston,Joshuah Bledsoe,S,Missouri,-- Free agent,2026-10-06
2021,6,189,Philadelphia Eagles,,Marlon Tuipulotu,DT,USC,-- Free agent,2026-10-06
2021,6,190,Cincinnati Bengals,,Trey Hill,C,Georgia,-- Free agent,2026-10-06
2021,6,191,Philadelphia Eagles,Denver via Carolina,Tarron Jackson,DE,Coastal Carolina,-- Free agent,2026-10-06
2021,6,192,Dallas Cowboys,Detroit,Quinton Bohanna,DT,Kentucky,-- Free agent,2026-10-06
2021,6,193,Carolina Panthers,,Deonte Brown,OG,Alabama,-- Free agent,2026-10-06
2021,6,194,San Francisco 49ers,,Elijah Mitchell,RB,Louisiana,-- Free agent,2026-10-06
2021,6,195,Houston Texans,Dallas via New England,Roy Lopez,DT,Arizona,Arizona Cardinals,2026-10-06
2021,6,196,New York Giants,,Gary Brightwell,RB,Arizona,-- Free agent,2026-10-06
2021,6,197,New England Patriots,,Will Sherman,OT,Colorado,New Orleans Saints,2026-10-06
2021,6,198,Los Angeles Chargers,,Larry Rountree III,RB,Missouri,-- Free agent,2026-10-06
2021,6,199,Minnesota Vikings,,Jaylen Twyman,DT,Pittsburgh,-- Free agent,2026-10-06
2021,6,200,New York Jets,Las Vegas,Brandin Echols,CB,Kentucky,Pittsburgh Steelers,2026-10-06
2021,6,201,New York Giants,Arizona,Rodarius Williams,CB,Oklahoma State,-- Free agent,2026-10-06
2021,6,202,Cincinnati Bengals,Miami via Houston,Chris Evans,RB,Michigan,-- Free agent,2026-10-06
2021,6,203,Buffalo Bills,"Washington via Las Vegas, Miami and Houston",Marquez Stevenson,WR,Houston,-- Free agent,2026-10-06
2021,6,204,Carolina Panthers,Chicago,Shi Smith,WR,South Carolina,-- Free agent,2026-10-06
2021,6,205,Tennessee Titans,,Racey McMath,WR,LSU,-- Free agent,2026-10-06
2021,6,206,New Orleans Saints,Indianapolis,Landon Young,OT,Kentucky,-- Free agent,2026-10-06
2021,6,207,New York Jets,Pittsburgh via Miami and Kansas City,Jonathan Marshall,DT,Arkansas,-- Free agent,2026-10-06
2021,6,208,Seattle Seahawks,Seattle via Miami and Chicago,Stone Forsythe,OT,Florida,Carolina Panthers,2026-10-06
2021,6,209,Jacksonville Jaguars,LA Rams,Jalen Camp,WR,Georgia Tech,-- Free agent,2026-10-06
2021,6,210,Arizona Cardinals,Baltimore,Victor Dimukeje,DE,Duke,-- Inactive,2026-10-06
2021,6,211,Cleveland Browns,,Demetric Felton,RB,UCLA,-- Free agent,2026-10-06
2021,6,212,Buffalo Bills,New Orleans via Houston,Damar Hamlin,S,Pittsburgh,Buffalo Bills,2026-10-06
2021,6,213,Buffalo Bills,,Rachad Wildgoose,CB,Wisconsin,-- Free agent,2026-10-06
2021,6,214,Green Bay Packers,,Cole Van Lanen,OG,Wisconsin,Jacksonville Jaguars,2026-10-06
2021,6,215,Tennessee Titans,Kansas City,Brady Breeze,S,Oregon,-- Inactive,2026-10-06
2021,6,216,Pittsburgh Steelers,Tampa Bay,Quincy Roche,DE,Miami (FL),-- Free agent,2026-10-06
2021,6,217,Chicago Bears,Tampa Bay via Seattle,Khalil Herbert,RB,Virginia Tech,Atlanta Falcons,2026-10-06
2021,6,218,Indianapolis Colts,New Orleans,Sam Ehlinger,QB,Texas,Denver Broncos,2026-10-06
2021,6,219,Denver Broncos,Atlanta,Seth Williams,WR,Auburn,-- Free agent,2026-10-06
2021,6,220,Green Bay Packers,,Isaiah McDuffie,LB,Boston College,Green Bay Packers,2026-10-06
2021,6,221,Chicago Bears,,Dazz Newsome,WR,North Carolina,-- Free agent,2026-10-06
2021,6,222,Carolina Panthers,,Thomas Fletcher,LS,Alabama,-- Free agent,2026-10-06
2021,6,223,Arizona Cardinals,Minnesota,Tay Gowan,CB,UCF,-- Free agent,2026-10-06
2021,6,224,Philadelphia Eagles,,JaCoby Stevens,S,LSU,-- Free agent,2026-10-06
2021,6,225,Washington Football Team,Philadelphia,Camaron Cheeseman,LS,Michigan,-- Free agent,2026-10-06
2021,6,226,Kansas City Chiefs,Carolina via NY Jets,Trey Smith,OG,Tennessee,Kansas City Chiefs,2026-10-06
2021,6,227,Dallas Cowboys,,Israel Mukuamu,CB,South Carolina,-- Free agent,2026-10-06
2021,6,228,Chicago Bears,,Thomas Graham Jr.,CB,Oregon,-- Free agent,2026-10-06
2021,7,229,Indianapolis Colts,Jacksonville via New Orleans,Mike Strachan,WR,Charleston (WV),-- Free agent,2026-10-06
2021,7,230,Las Vegas Raiders,NY Jets via San Francisco,Jimmy Morrissey,C,Pittsburgh,New York Jets,2026-10-06
2021,7,231,Miami Dolphins,Houston,Larnel Coleman,OT,UMass,-- Free agent,2026-10-06
2021,7,232,Carolina Panthers,Atlanta via Miami and Tennessee,Phil Hoskins,DT,Kentucky,-- Free agent,2026-10-06
2021,7,233,Los Angeles Rams,Cincinnati via Houston,Jake Funk,RB,Maryland,-- Free agent,2026-10-06
2021,7,234,Philadelphia Eagles,,Patrick Johnson,DE,Tulane,Las Vegas Raiders,2026-10-06
2021,7,235,Cincinnati Bengals,Detroit via Seattle,Wyatt Hubert,DE,Kansas State,-- Inactive,2026-10-06
2021,7,236,Buffalo Bills,Carolina,Jack Anderson,OG,Texas Tech,-- Free agent,2026-10-06
2021,7,237,Denver Broncos,,Kary Vincent Jr.,CB,LSU,-- Free agent,2026-10-06
2021,7,238,Dallas Cowboys,,Matt Farniok,OG,Nebraska,-- Free agent,2026-10-06
2021,7,239,Denver Broncos,NY Giants,Jonathon Cooper,DE,Ohio State,Denver Broncos,2026-10-06
2021,7,240,Washington Football Team,San Francisco via Philadelphia,William Bradley-King,DE,Baylor,-- Free agent,2026-10-06
2021,7,241,Los Angeles Chargers,,Mark Webb,S,Georgia,-- Free agent,2026-10-06
2021,7,242,New England Patriots,,Tre Nixon,WR,UCF,-- Free agent,2026-10-06
2021,7,243,Arizona Cardinals,,James Wiggins,S,Cincinnati,-- Free agent,2026-10-06
2021,7,244,Miami Dolphins,Las Vegas via Washington,Gerrid Doaks,RB,Cincinnati,-- Free agent,2026-10-06
2021,7,245,Pittsburgh Steelers,Miami,Tre Norwood,CB,Oklahoma,-- Free agent,2026-10-06
2021,7,246,Washington Football Team,,Shaka Toney,DE,Penn State,-- Free agent,2026-10-06
2021,7,247,Arizona Cardinals,Chicago via Las Vegas,Michal Menet,C,Penn State,-- Free agent,2026-10-06
2021,7,248,Indianapolis Colts,,Will Fries,OG,Penn State,Minnesota Vikings,2026-10-06
2021,7,249,Los Angeles Rams,Tennessee via Jacksonville,Ben Skowronek,WR,Notre Dame,Pittsburgh Steelers,2026-10-06
2021,7,250,Chicago Bears,Seattle,Khyiris Tonga,DT,BYU,Kansas City Chiefs,2026-10-06
2021,7,251,Tampa Bay Buccaneers,Pittsburgh,Chris Wilcox,CB,BYU,-- Free agent,2026-10-06
2021,7,252,Los Angeles Rams,,Chris Garrett,LB,Concordia–St. Paul,-- Free agent,2026-10-06
2021,7,253,Denver Broncos,Cleveland,Marquiss Spencer,DE,Mississippi State,-- Free agent,2026-10-06
2021,7,254,Pittsburgh Steelers,Baltimore,Pressley Harvin III,P,Georgia Tech,-- Free agent,2026-10-06
2021,7,255,New Orleans Saints,,Kawaan Baker,WR,South Alabama,-- Free agent,2026-10-06
2021,7,256,Green Bay Packers,,Kylin Hill,RB,Mississippi State,-- Free agent,2026-10-06
2021,7,257,Detroit Lions,Buffalo via Cleveland,Jermar Jefferson,RB,Oregon State,-- Free agent,2026-10-06
2021,7,258,Washington Football Team,Kansas City via Miami,Dax Milne,WR,BYU,-- Free agent,2026-10-06
2021,7,259,Tampa Bay Buccaneers,,Grant Stuard,LB,Houston,Los Angeles Rams,2026-10-06
2020,1,1,Cincinnati Bengals,,Joe Burrow,QB,LSU,Cincinnati Bengals,2026-10-06
2020,1,2,Washington Redskins,,Chase Young,DE,Ohio State,New Orleans Saints,2026-10-06
2020,1,3,Detroit Lions,,Jeff Okudah,CB,Ohio State,-- Free agent,2026-10-06
2020,1,4,New York Giants,,Andrew Thomas,OT,Georgia,New York Giants,2026-10-06
2020,1,5,Miami Dolphins,,Tua Tagovailoa,QB,Alabama,Atlanta Falcons,2026-10-06
2020,1,6,Los Angeles Chargers,,Justin Herbert,QB,Oregon,Los Angeles Chargers,2026-10-06
2020,1,7,Carolina Panthers,,Derrick Brown,DT,Auburn,Carolina Panthers,2026-10-06
2020,1,8,Arizona Cardinals,,Isaiah Simmons,LB,Clemson,Carolina Panthers,2026-10-06
2020,1,9,Jacksonville Jaguars,,C. J. Henderson,CB,Florida,Atlanta Falcons,2026-10-06
2020,1,10,Cleveland Browns,,Jedrick Wills,OT,Alabama,Buffalo Bills,2026-10-06
2020,1,11,New York Jets,,Mekhi Becton,OT,Louisville,Green Bay Packers,2026-10-06
2020,1,12,Las Vegas Raiders,,Henry Ruggs,WR,Alabama,-- Free agent,2026-10-06
2020,1,13,Tampa Bay Buccaneers,Indianapolis via San Francisco,Tristan Wirfs,OT,Iowa,Tampa Bay Buccaneers,2026-10-06
2020,1,14,San Francisco 49ers,Tampa Bay,Javon Kinlaw,DT,South Carolina,Washington Commanders,2026-10-06
2020,1,15,Denver Broncos,,Jerry Jeudy,WR,Alabama,Cleveland Browns,2026-10-06
2020,1,16,Atlanta Falcons,,A. J. Terrell,CB,Clemson,Atlanta Falcons,2026-10-06
2020,1,17,Dallas Cowboys,,CeeDee Lamb,WR,Oklahoma,Dallas Cowboys,2026-10-06
2020,1,18,Miami Dolphins,Pittsburgh,Austin Jackson,OT,USC,Miami Dolphins,2026-10-06
2020,1,19,Las Vegas Raiders,Chicago,Damon Arnette,CB,Ohio State,-- Free agent,2026-10-06
2020,1,20,Jacksonville Jaguars,LA Rams,K'Lavon Chaisson,DE,LSU,Washington Commanders,2026-10-06
2020,1,21,Philadelphia Eagles,,Jalen Reagor,WR,TCU,Miami Dolphins,2026-10-06
2020,1,22,Minnesota Vikings,Buffalo,Justin Jefferson,WR,LSU,Minnesota Vikings,2026-10-06
2020,1,23,Los Angeles Chargers,New England,Kenneth Murray,LB,Oklahoma,Houston Texans,2026-10-06
2020,1,24,New Orleans Saints,,Cesar Ruiz,C,Michigan,New Orleans Saints,2026-10-06
2020,1,25,San Francisco 49ers,Minnesota,Brandon Aiyuk,WR,Arizona State,San Francisco 49ers,2026-10-06
2020,1,26,Green Bay Packers,Houston via Miami,Jordan Love,QB,Utah State,Green Bay Packers,2026-10-06
2020,1,27,Seattle Seahawks,,Jordyn Brooks,LB,Texas Tech,Miami Dolphins,2026-10-06
2020,1,28,Baltimore Ravens,,Patrick Queen,LB,LSU,Pittsburgh Steelers,2026-10-06
2020,1,29,Tennessee Titans,,Isaiah Wilson,OT,Georgia,-- Free agent,2026-10-06
2020,1,30,Miami Dolphins,Green Bay,Noah Igbinoghene,CB,Auburn,Cleveland Browns,2026-10-06
2020,1,31,Minnesota Vikings,San Francisco,Jeff Gladney,CB,TCU,-- Deceased,2026-10-06
2020,1,32,Kansas City Chiefs,,Clyde Edwards-Helaire,RB,LSU,-- Free agent,2026-10-06
2020,2,33,Cincinnati Bengals,,Tee Higgins,WR,Clemson,Cincinnati Bengals,2026-10-06
2020,2,34,Indianapolis Colts,Washington,Michael Pittman Jr.,WR,USC,Pittsburgh Steelers,2026-10-06
2020,2,35,Detroit Lions,,D'Andre Swift,RB,Georgia,Chicago Bears,2026-10-06
2020,2,36,New York Giants,,Xavier McKinney,S,Alabama,Green Bay Packers,2026-10-06
2020,2,37,New England Patriots,LA Chargers,Kyle Dugger,S,Lenoir–Rhyne,Cincinnati Bengals,2026-10-06
2020,2,38,Carolina Panthers,,Yetur Gross-Matos,DE,Penn State,-- Free agent,2026-10-06
2020,2,39,Miami Dolphins,,Robert Hunt,OG,Louisiana,Carolina Panthers,2026-10-06
2020,2,40,Houston Texans,Arizona,Ross Blacklock,DT,TCU,-- Free agent,2026-10-06
2020,2,41,Indianapolis Colts,Cleveland,Jonathan Taylor,RB,Wisconsin,Indianapolis Colts,2026-10-06
2020,2,42,Jacksonville Jaguars,,Laviska Shenault,WR,Colorado,-- Free agent,2026-10-06
2020,2,43,Chicago Bears,Las Vegas,Cole Kmet,TE,Notre Dame,Chicago Bears,2026-10-06
2020,2,44,Cleveland Browns,Indianapolis,Grant Delpit,S,LSU,Cleveland Browns,2026-10-06
2020,2,45,Tampa Bay Buccaneers,,Antoine Winfield Jr.,S,Minnesota,Tampa Bay Buccaneers,2026-10-06
2020,2,46,Denver Broncos,,K. J. Hamler,WR,Penn State,-- Free agent,2026-10-06
2020,2,47,Atlanta Falcons,,Marlon Davidson,DE,Auburn,-- Free agent,2026-10-06
2020,2,48,Seattle Seahawks,NY Jets,Darrell Taylor,DE,Tennessee,-- Free agent,2026-10-06
2020,2,49,Pittsburgh Steelers,,Chase Claypool,WR,Notre Dame,-- Free agent,2026-10-06
2020,2,50,Chicago Bears,,Jaylon Johnson,CB,Utah,Chicago Bears,2026-10-06
2020,2,51,Dallas Cowboys,,Trevon Diggs,CB,Alabama,Seattle Seahawks,2026-10-06
2020,2,52,Los Angeles Rams,,Cam Akers,RB,Florida State,-- Free agent,2026-10-06
2020,2,53,Philadelphia Eagles,,Jalen Hurts,QB,Oklahoma,Philadelphia Eagles,2026-10-06
2020,2,54,Buffalo Bills,,A. J. Epenesa,DE,Iowa,Philadelphia Eagles,2026-10-06
2020,2,55,Baltimore Ravens,New England via Atlanta,J. K. Dobbins,RB,Ohio State,Denver Broncos,2026-10-06
2020,2,56,Miami Dolphins,New Orleans,Raekwon Davis,DT,Alabama,-- Free agent,2026-10-06
2020,2,57,Los Angeles Rams,Houston,Van Jefferson,WR,Florida,Washington Commanders,2026-10-06
2020,2,58,Minnesota Vikings,,Ezra Cleveland,OT,Boise State,Jacksonville Jaguars,2026-10-06
2020,2,59,New York Jets,Seattle,Denzel Mims,WR,Baylor,-- Free agent,2026-10-06
2020,2,60,New England Patriots,Baltimore,Josh Uche,LB,Michigan,Miami Dolphins,2026-10-06
2020,2,61,Tennessee Titans,,Kristian Fulton,CB,LSU,Kansas City Chiefs,2026-10-06
2020,2,62,Green Bay Packers,,A. J. Dillon,RB,Boston College,Carolina Panthers,2026-10-06
2020,2,63,Kansas City Chiefs,San Francisco,Willie Gay,LB,Mississippi State,Miami Dolphins,2026-10-06
2020,2,64,Carolina Panthers,Kansas City via Seattle,Jeremy Chinn,S,Southern Illinois,Las Vegas Raiders,2026-10-06
2020,3,65,Cincinnati Bengals,,Logan Wilson,LB,Wyoming,-- Free agent,2026-10-06
2020,3,66,Washington Redskins,,Antonio Gibson,RB,Memphis,-- Free agent,2026-10-06
2020,3,67,Detroit Lions,,Julian Okwara,LB,Notre Dame,-- Free agent,2026-10-06
2020,3,68,New York Jets,NY Giants,Ashtyn Davis,S,California,San Francisco 49ers,2026-10-06
2020,3,69,Seattle Seahawks,Carolina,Damien Lewis,OG,LSU,Carolina Panthers,2026-10-06
2020,3,70,Miami Dolphins,,Brandon Jones,S,Texas,Denver Broncos,2026-10-06
2020,3,71,Baltimore Ravens,LA Chargers via New England,Nnamdi Madubuike,DT,Texas A&M,Baltimore Ravens,2026-10-06
2020,3,72,Arizona Cardinals,,Josh Jones,OT,Houston,Seattle Seahawks,2026-10-06
2020,3,73,Jacksonville Jaguars,,DaVon Hamilton,DT,Ohio State,Jacksonville Jaguars,2026-10-06
2020,3,74,New Orleans Saints,Cleveland,Zack Baun,LB,Wisconsin,Philadelphia Eagles,2026-10-06
2020,3,75,Detroit Lions,Indianapolis,Jonah Jackson,OG,Ohio State,Chicago Bears,2026-10-06
2020,3,76,Tampa Bay Buccaneers,,Ke'Shawn Vaughn,RB,Vanderbilt,-- Free agent,2026-10-06
2020,3,77,Denver Broncos,,Michael Ojemudia,CB,Iowa,-- Free agent,2026-10-06
2020,3,78,Atlanta Falcons,,Matt Hennessy,C,Temple,Dallas Cowboys,2026-10-06
2020,3,79,New York Jets,,Jabari Zuniga,DE,Florida,-- Status unconfirmed,2026-10-06
2020,3,80,Las Vegas Raiders,,Lynn Bowden,RB,Kentucky,-- Free agent,2026-10-06
2020,3,81,Las Vegas Raiders,Chicago,Bryan Edwards,WR,South Carolina,-- Free agent,2026-10-06
2020,3,82,Dallas Cowboys,,Neville Gallimore,DT,Oklahoma,Chicago Bears,2026-10-06
2020,3,83,Denver Broncos,Pittsburgh,Lloyd Cushenberry,C,LSU,Buffalo Bills,2026-10-06
2020,3,84,Los Angeles Rams,,Terrell Lewis,LB,Alabama,-- Free agent,2026-10-06
2020,3,85,Indianapolis Colts,Philadelphia via Detroit,Julian Blackmon,S,Utah,New Orleans Saints,2026-10-06
2020,3,86,Buffalo Bills,,Zack Moss,RB,Utah,-- Free agent,2026-10-06
2020,3,87,New England Patriots,,Anfernee Jennings,LB,Alabama,New Orleans Saints,2026-10-06
2020,3,88,Cleveland Browns,New Orleans,Jordan Elliott,DT,Missouri,Tennessee Titans,2026-10-06
2020,3,89,Minnesota Vikings,,Cameron Dantzler,CB,Mississippi State,-- Free agent,2026-10-06
2020,3,90,Houston Texans,,Jonathan Greenard,LB,Florida,Philadelphia Eagles,2026-10-06
2020,3,91,New England Patriots,Seattle via Houston and Las Vegas,Devin Asiasi,TE,UCLA,-- Free agent,2026-10-06
2020,3,92,Baltimore Ravens,,Devin Duvernay,WR,Texas,Arizona Cardinals,2026-10-06
2020,3,93,Tennessee Titans,,Darrynton Evans,RB,Appalachian State,-- Free agent,2026-10-06
2020,3,94,Green Bay Packers,,Josiah Deguara,TE,Cincinnati,Philadelphia Eagles,2026-10-06
2020,3,95,Denver Broncos,San Francisco,McTelvin Agim,DT,Arkansas,-- Free agent,2026-10-06
2020,3,96,Kansas City Chiefs,,Lucas Niang,OT,TCU,-- Free agent,2026-10-06
2020,3,97,Cleveland Browns,Houston,Jacob Phillips,LB,LSU,-- Free agent,2026-10-06
2020,3,98,Baltimore Ravens,New England,Malik Harrison,LB,Ohio State,New York Giants,2026-10-06
2020,3,99,New York Giants,,Matt Peart,OT,UConn,Denver Broncos,2026-10-06
2020,3,100,Las Vegas Raiders,New England,Tanner Muse,LB,Clemson,-- Free agent,2026-10-06
2020,3,101,New England Patriots,Seattle via NY Jets,Dalton Keene,TE,Virginia Tech,-- Free agent,2026-10-06
2020,3,102,Pittsburgh Steelers,,Alex Highsmith,LB,Charlotte,Pittsburgh Steelers,2026-10-06
2020,3,103,Philadelphia Eagles,,Davion Taylor,LB,Colorado,-- Free agent,2026-10-06
2020,3,104,Los Angeles Rams,,Terrell Burgess,S,Utah,Tennessee Titans,2026-10-06
2020,3,105,New Orleans Saints,Minnesota,Adam Trautman,TE,Dayton,Denver Broncos,2026-10-06
2020,3,106,Baltimore Ravens,,Tyre Phillips,OG,Mississippi State,-- Free agent,2026-10-06
2020,4,107,Cincinnati Bengals,,Akeem Davis-Gaither,LB,Appalachian State,Indianapolis Colts,2026-10-06
2020,4,108,Washington Redskins,,Saahdiq Charles,OT,LSU,Carolina Panthers,2026-10-06
2020,4,109,Las Vegas Raiders,Detroit,John Simpson,OG,Clemson,Baltimore Ravens,2026-10-06
2020,4,110,New York Giants,,Darnay Holmes,CB,UCLA,Atlanta Falcons,2026-10-06
2020,4,111,Miami Dolphins,Miami via Houston,Solomon Kindley,OG,Georgia,-- Free agent,2026-10-06
2020,4,112,Los Angeles Chargers,,Joshua Kelley,RB,UCLA,-- Free agent,2026-10-06
2020,4,113,Carolina Panthers,,Troy Pride,CB,Notre Dame,-- Free agent,2026-10-06
2020,4,114,Arizona Cardinals,,Leki Fotu,DT,Utah,-- Free agent,2026-10-06
2020,4,115,Cleveland Browns,,Harrison Bryant,TE,Florida Atlantic,-- Free agent,2026-10-06
2020,4,116,Jacksonville Jaguars,,Ben Bartch,OT,Saint John's (MN),Detroit Lions,2026-10-06
2020,4,117,Minnesota Vikings,Tampa Bay via San Francisco,D. J. Wonnum,DE,South Carolina,Detroit Lions,2026-10-06
2020,4,118,Denver Broncos,,Albert Okwuegbunam,TE,Missouri,-- Free agent,2026-10-06
2020,4,119,Atlanta Falcons,,Mykal Walker,LB,Fresno State,-- Inactive,2026-10-06
2020,4,120,New York Jets,,La'Mical Perine,RB,Florida,-- Free agent,2026-10-06
2020,4,121,Detroit Lions,Las Vegas,Logan Stenberg,OG,Kentucky,-- Free agent,2026-10-06
2020,4,122,Indianapolis Colts,,Jacob Eason,QB,Washington,-- Free agent,2026-10-06
2020,4,123,Dallas Cowboys,,Reggie Robinson,CB,Tulsa,-- Free agent,2026-10-06
2020,4,124,Pittsburgh Steelers,,Anthony McFarland Jr.,RB,Maryland,-- Free agent,2026-10-06
2020,4,125,New York Jets,Chicago via New England,James Morgan,QB,FIU,-- Free agent,2026-10-06
2020,4,126,Houston Texans,LA Rams,Charlie Heck,OT,North Carolina,-- Free agent,2026-10-06
2020,4,127,Philadelphia Eagles,,K'Von Wallace,S,Clemson,Baltimore Ravens,2026-10-06
2020,4,128,Buffalo Bills,,Gabe Davis,WR,UCF,-- Free agent,2026-10-06
2020,4,129,New York Jets,New England via Baltimore and New England,Cameron Clark,OT,Charlotte,-- Inactive,2026-10-06
2020,4,130,Minnesota Vikings,New Orleans,James Lynch,DT,Baylor,Chicago Bears,2026-10-06
2020,4,131,Arizona Cardinals,Houston,Rashard Lawrence,DT,LSU,-- Free agent,2026-10-06
2020,4,132,Minnesota Vikings,,Troy Dye,LB,Oregon,Los Angeles Chargers,2026-10-06
2020,4,133,Seattle Seahawks,,Colby Parkinson,TE,Stanford,Los Angeles Rams,2026-10-06
2020,4,134,Atlanta Falcons,Baltimore,Jaylinn Hawkins,S,California,Baltimore Ravens,2026-10-06
2020,4,135,Pittsburgh Steelers,Tennessee via Miami,Kevin Dotson,OG,Louisiana,Los Angeles Rams,2026-10-06
2020,4,136,Los Angeles Rams,Green Bay via Miami and Houston,Brycen Hopkins,TE,Purdue,-- Free agent,2026-10-06
2020,4,137,Jacksonville Jaguars,San Francisco via Denver,Josiah Scott,CB,Michigan State,-- Free agent,2026-10-06
2020,4,138,Kansas City Chiefs,,L'Jarius Sneed,S,Louisiana Tech,Kansas City Chiefs,2026-10-06
2020,4,139,Las Vegas Raiders,Tampa Bay via New England,Amik Robertson,CB,Louisiana Tech,Washington Commanders,2026-10-06
2020,4,140,Jacksonville Jaguars,Chicago,Shaquille Quarterman,LB,Miami (FL),-- Free agent,2026-10-06
2020,4,141,Houston Texans,Miami,John Reid,CB,Penn State,-- Free agent,2026-10-06
2020,4,142,Washington Redskins,,Antonio Gandy-Golden,WR,Liberty,-- Retired,2026-10-06
2020,4,143,Baltimore Ravens,,Ben Bredeson,OG,Michigan,Tampa Bay Buccaneers,2026-10-06
2020,4,144,Seattle Seahawks,,DeeJay Dallas,RB,Miami (FL),Minnesota Vikings,2026-10-06
2020,4,145,Philadelphia Eagles,,Jack Driscoll,OG,Auburn,Pittsburgh Steelers,2026-10-06
2020,4,146,Dallas Cowboys,Philadelphia,Tyler Biadasz,C,Wisconsin,Los Angeles Chargers,2026-10-06
2020,5,147,Cincinnati Bengals,,Khalid Kareem,DE,Notre Dame,San Francisco 49ers,2026-10-06
2020,5,148,Seattle Seahawks,Washington via Carolina,Alton Robinson,DE,Syracuse,-- Free agent,2026-10-06
2020,5,149,Indianapolis Colts,Detroit,Danny Pinter,OG,Ball State,Baltimore Ravens,2026-10-06
2020,5,150,New York Giants,,Shane Lemieux,OG,Oregon,-- Free agent,2026-10-06
2020,5,151,Los Angeles Chargers,,Joe Reed,WR,Virginia,-- Inactive,2026-10-06
2020,5,152,Carolina Panthers,St. Louis BattleHawks of XFL,Kenny Robinson,S,West Virginia,-- Free agent,2026-10-06
2020,5,153,San Francisco 49ers,Miami via Arizona and Miami,Colton McKivitz,OT,West Virginia,San Francisco 49ers,2026-10-06
2020,5,154,Miami Dolphins,Jacksonville via Pittsburgh,Jason Strowbridge,DE,North Carolina,-- Free agent,2026-10-06
2020,5,155,Chicago Bears,Cleveland via Buffalo and Minnesota,Trevis Gipson,LB,Tulsa,Carolina Panthers,2026-10-06
2020,5,156,Washington Redskins,Denver via San Francisco,Keith Ismael,C,San Diego State,-- Free agent,2026-10-06
2020,5,157,Jacksonville Jaguars,Atlanta via Baltimore,Daniel Thomas,S,Auburn,Cleveland Browns,2026-10-06
2020,5,158,New York Jets,,Bryce Hall,CB,Virginia,Houston Texans,2026-10-06
2020,5,159,New England Patriots,Las Vegas,Justin Rohrwasser,K,Marshall,-- Free agent,2026-10-06
2020,5,160,Cleveland Browns,Indianapolis,Nick Harris,C,Washington,-- Free agent,2026-10-06
2020,5,161,Tampa Bay Buccaneers,,Tyler Johnson,WR,Minnesota,New York Jets,2026-10-06
2020,5,162,Washington Redskins,Pittsburgh via Seattle,Khaleke Hudson,LB,Michigan,-- Free agent,2026-10-06
2020,5,163,Chicago Bears,,Kindle Vildor,CB,Georgia Southern,New England Patriots,2026-10-06
2020,5,164,Miami Dolphins,Dallas via Philadelphia,Curtis Weaver,DE,Boise State,-- Free agent,2026-10-06
2020,5,165,Jacksonville Jaguars,LA Rams,Collin Johnson,WR,Texas,-- Free agent,2026-10-06
2020,5,166,Detroit Lions,Philadelphia,Quintez Cephus,WR,Wisconsin,-- Free agent,2026-10-06
2020,5,167,Buffalo Bills,,Jake Fromm,QB,Georgia,-- Free agent,2026-10-06
2020,5,168,Philadelphia Eagles,New England,John Hightower,WR,Boise State,-- Free agent,2026-10-06
2020,5,169,Minnesota Vikings,New Orleans,Harrison Hand,CB,Temple,-- Free agent,2026-10-06
2020,5,170,Baltimore Ravens,Minnesota,Broderick Washington Jr.,DT,Texas Tech,Baltimore Ravens,2026-10-06
2020,5,171,Houston Texans,,Isaiah Coulter,WR,Rhode Island,-- Free agent,2026-10-06
2020,5,172,Detroit Lions,"Seattle via Detroit, New England and Las Vegas",Jason Huntley,RB,New Mexico State,-- Free agent,2026-10-06
2020,5,173,Chicago Bears,"Baltimore via LA Rams, Miami and Philadelphia",Darnell Mooney,WR,Tulane,New York Giants,2026-10-06
2020,5,174,Tennessee Titans,,Larrell Murchison,DT,NC State,Los Angeles Rams,2026-10-06
2020,5,175,Green Bay Packers,,Kamal Martin,LB,Minnesota,-- Free agent,2026-10-06
2020,5,176,Minnesota Vikings,San Francisco,K. J. Osborn,WR,Miami (FL),Tennessee Titans,2026-10-06
2020,5,177,Kansas City Chiefs,,Mike Danna,DE,Michigan,Buffalo Bills,2026-10-06
2020,5,178,Denver Broncos,,Justin Strnad,LB,Wake Forest,Denver Broncos,2026-10-06
2020,5,179,Dallas Cowboys,,Bradlee Anae,DE,Utah,-- Free agent,2026-10-06
2020,6,180,Cincinnati Bengals,,Hakeem Adeniji,OT,Kansas,-- Inactive,2026-10-06
2020,6,181,Denver Broncos,Washington,Netane Muti,OG,Fresno State,-- Free agent,2026-10-06
2020,6,182,New England Patriots,Detroit via Indianapolis,Michael Onwenu,OG,Michigan,New England Patriots,2026-10-06
2020,6,183,New York Giants,,Cam Brown,LB,Penn State,-- Free agent,2026-10-06
2020,6,184,Carolina Panthers,,Bravvion Roy,DT,Baylor,-- Free agent,2026-10-06
2020,6,185,Miami Dolphins,,Blake Ferguson,LS,LSU,-- Free agent,2026-10-06
2020,6,186,Los Angeles Chargers,,Alohi Gilman,S,Notre Dame,Kansas City Chiefs,2026-10-06
2020,6,187,Cleveland Browns,Arizona,Donovan Peoples-Jones,WR,Michigan,-- Free agent,2026-10-06
2020,6,188,Buffalo Bills,Cleveland,Tyler Bass,K,Georgia Southern,Buffalo Bills,2026-10-06
2020,6,189,Jacksonville Jaguars,,Jake Luton,QB,Oregon State,-- Free agent,2026-10-06
2020,6,190,San Francisco 49ers,Atlanta via Philadelphia,Charlie Woerner,TE,Georgia,Atlanta Falcons,2026-10-06
2020,6,191,New York Jets,,Braden Mann,P,Texas A&M,Philadelphia Eagles,2026-10-06
2020,6,192,Green Bay Packers,Las Vegas,Jon Runyan Jr.,OG,Michigan,New York Giants,2026-10-06
2020,6,193,Indianapolis Colts,,Robert Windsor,DT,Penn State,-- Free agent,2026-10-06
2020,6,194,Tampa Bay Buccaneers,,Khalil Davis,DT,Nebraska,-- Free agent,2026-10-06
2020,6,195,New England Patriots,Denver,Justin Herron,OT,Wake Forest,-- Free agent,2026-10-06
2020,6,196,Philadelphia Eagles,Chicago,Shaun Bradley,LB,Temple,-- Free agent,2026-10-06
2020,6,197,Detroit Lions,Dallas via Miami and Indianapolis,John Penisini,DT,Utah,-- Free agent,2026-10-06
2020,6,198,Pittsburgh Steelers,,Antoine Brooks,S,Maryland,-- Free agent,2026-10-06
2020,6,199,Los Angeles Rams,,Jordan Fuller,S,Ohio State,-- Free agent,2026-10-06
2020,6,200,Philadelphia Eagles,Philadelphia via Chicago,Quez Watkins,WR,Southern Miss,-- Free agent,2026-10-06
2020,6,201,Baltimore Ravens,Buffalo via Minnesota,James Proche,WR,SMU,-- Free agent,2026-10-06
2020,6,202,Arizona Cardinals,New England,Evan Weaver,LB,California,-- Free agent,2026-10-06
2020,6,203,Minnesota Vikings,New Orleans,Blake Brandel,OT,Oregon State,Minnesota Vikings,2026-10-06
2020,6,204,New England Patriots,Houston,Cassh Maluia,LB,Wyoming,-- Free agent,2026-10-06
2020,6,205,Minnesota Vikings,,Josh Metellus,S,Michigan,Minnesota Vikings,2026-10-06
2020,6,206,Jacksonville Jaguars,Seattle,Tyler Davis,TE,Georgia Tech,-- Free agent,2026-10-06
2020,6,207,Buffalo Bills,Baltimore via New England,Isaiah Hodgins,WR,Oregon State,Pittsburgh Steelers,2026-10-06
2020,6,208,Green Bay Packers,Tennessee,Jake Hanson,C,Oregon,-- Free agent,2026-10-06
2020,6,209,Green Bay Packers,,Simon Stepaniak,OG,Indiana,-- Inactive,2026-10-06
2020,6,210,Philadelphia Eagles,San Francisco,Prince Tega Wanogho,OT,Auburn,-- Free agent,2026-10-06
2020,6,211,Indianapolis Colts,Kansas City via NY Jets,Isaiah Rodgers,CB,UMass,Minnesota Vikings,2026-10-06
2020,6,212,Indianapolis Colts,New England,Dezmon Patmon,WR,Washington State,-- Free agent,2026-10-06
2020,6,213,Indianapolis Colts,New England,Jordan Glasgow,LB,Michigan,-- Inactive,2026-10-06
2020,6,214,Seattle Seahawks,,Freddie Swain,WR,Florida,-- Free agent,2026-10-06
2020,7,215,Cincinnati Bengals,,Markus Bailey,LB,Purdue,-- Free agent,2026-10-06
2020,7,216,Washington Redskins,,Kamren Curl,S,Arkansas,Los Angeles Rams,2026-10-06
2020,7,217,San Francisco 49ers,Detroit,Jauan Jennings,WR,Tennessee,Minnesota Vikings,2026-10-06
2020,7,218,New York Giants,,Carter Coughlin,LB,Minnesota,-- Free agent,2026-10-06
2020,7,219,Baltimore Ravens,Miami via Minnesota,Geno Stone,S,Iowa,Buffalo Bills,2026-10-06
2020,7,220,Los Angeles Chargers,,K. J. Hill,WR,Ohio State,-- Free agent,2026-10-06
2020,7,221,Carolina Panthers,,Stantley Thomas-Oliver,CB,FIU,-- Free agent,2026-10-06
2020,7,222,Arizona Cardinals,,Eno Benjamin,RB,Arizona State,-- Free agent,2026-10-06
2020,7,223,Jacksonville Jaguars,,Chris Claybrooks,CB,Memphis,-- Free agent,2026-10-06
2020,7,224,Tennessee Titans,Cleveland,Cole McDonald,QB,Hawaii,-- Status unconfirmed,2026-10-06
2020,7,225,Minnesota Vikings,NY Jets via Baltimore,Kenny Willekes,DE,Michigan State,-- Free agent,2026-10-06
2020,7,226,Chicago Bears,Las Vegas,Arlington Hambright,OG,Colorado,-- Free agent,2026-10-06
2020,7,227,Chicago Bears,Indianapolis via Miami and Philadelphia,Lachavious Simmons,OT,Tennessee State,-- Free agent,2026-10-06
2020,7,228,Atlanta Falcons,Tampa Bay via Philadelphia,Sterling Hofrichter,P,Syracuse,-- Free agent,2026-10-06
2020,7,229,Washington Redskins,Denver,James Smith-Williams,DE,NC State,-- Free agent,2026-10-06
2020,7,230,New England Patriots,Atlanta,Dustin Woodard,C,Memphis,-- Status unconfirmed,2026-10-06
2020,7,231,Dallas Cowboys,,Ben DiNucci,QB,James Madison,-- Free agent,2026-10-06
2020,7,232,Pittsburgh Steelers,,Carlos Davis,DT,Nebraska,-- Free agent,2026-10-06
2020,7,233,Philadelphia Eagles,Chicago,Casey Toohill,LB,Stanford,-- Free agent,2026-10-06
2020,7,234,Los Angeles Rams,,Clay Johnston,LB,Baylor,-- Free agent,2026-10-06
2020,7,235,Detroit Lions,Philadelphia via New England,Jashon Cornell,DT,Ohio State,-- Free agent,2026-10-06
2020,7,236,Green Bay Packers,Buffalo via Cleveland,Vernon Scott,S,TCU,-- Free agent,2026-10-06
2020,7,237,Kansas City Chiefs,New England via Denver and Tennessee,BoPete Keyes,CB,Tulane,-- Free agent,2026-10-06
2020,7,238,New York Giants,New Orleans,T. J. Brunson,LB,South Carolina,-- Inactive,2026-10-06
2020,7,239,Buffalo Bills,Minnesota,Dane Jackson,CB,Pittsburgh,-- Inactive,2026-10-06
2020,7,240,New Orleans Saints,Houston,Tommy Stevens,QB,Mississippi State,-- Free agent,2026-10-06
2020,7,241,Tampa Bay Buccaneers,Seattle via New England,Chapelle Russell,LB,Temple,-- Free agent,2026-10-06
2020,7,242,Green Bay Packers,Baltimore,Jonathan Garvin,DE,Miami (FL),Chicago Bears,2026-10-06
2020,7,243,Tennessee Titans,,Chris Jackson,CB,Marshall,-- Free agent,2026-10-06
2020,7,244,Minnesota Vikings,Green Bay via Cleveland and New Orleans,Nate Stanley,QB,Iowa,-- Free agent,2026-10-06
2020,7,245,Tampa Bay Buccaneers,San Francisco,Raymond Calais,RB,Louisiana,-- Free agent,2026-10-06
2020,7,246,Miami Dolphins,Kansas City,Malcolm Perry,RB,Navy,-- Inactive,2026-10-06
2020,7,247,New York Giants,,Chris Williamson,CB,Minnesota,-- Free agent,2026-10-06
2020,7,248,Los Angeles Rams,Houston,Sam Sloman,K,Miami (OH),-- Free agent,2026-10-06
2020,7,249,Minnesota Vikings,,Brian Cole II,LB,Mississippi State,-- Free agent,2026-10-06
2020,7,250,Los Angeles Rams,Houston,Tremayne Anchrum,OG,Clemson,-- Free agent,2026-10-06
2020,7,251,Seattle Seahawks,Miami,Stephen Sullivan,TE,LSU,-- Free agent,2026-10-06
2020,7,252,Denver Broncos,,Tyrie Cleveland,WR,Florida,-- Free agent,2026-10-06
2020,7,253,Minnesota Vikings,,Kyle Hinton,C,Washburn,Atlanta Falcons,2026-10-06
2020,7,254,Denver Broncos,,Derrek Tuszka,LB,North Dakota State,-- Free agent,2026-10-06
2020,7,255,New York Giants,,Tae Crowder,LB,Georgia,-- Free agent,2026-10-06
2019,1,1,Arizona Cardinals,,Kyler Murray,QB,Oklahoma,Minnesota Vikings,2026-10-06
2019,1,2,San Francisco 49ers,,Nick Bosa,DE,Ohio State,San Francisco 49ers,2026-10-06
2019,1,3,New York Jets,,Quinnen Williams,DT,Alabama,Dallas Cowboys,2026-10-06
2019,1,4,Oakland Raiders,,Clelin Ferrell,DE,Clemson,-- Free agent,2026-10-06
2019,1,5,Tampa Bay Buccaneers,,Devin White,LB,LSU,Detroit Lions,2026-10-06
2019,1,6,New York Giants,,Daniel Jones,QB,Duke,Indianapolis Colts,2026-10-06
2019,1,7,Jacksonville Jaguars,,Josh Hines-Allen,OLB,Kentucky,Jacksonville Jaguars,2026-10-06
2019,1,8,Detroit Lions,,T. J. Hockenson,TE,Iowa,Minnesota Vikings,2026-10-06
2019,1,9,Buffalo Bills,,Ed Oliver,DT,Houston,Buffalo Bills,2026-10-06
2019,1,10,Pittsburgh Steelers,Denver,Devin Bush,LB,Michigan,Chicago Bears,2026-10-06
2019,1,11,Cincinnati Bengals,,Jonah Williams,OT,Alabama,-- Free agent,2026-10-06
2019,1,12,Green Bay Packers,,Rashan Gary,OLB,Michigan,Dallas Cowboys,2026-10-06
2019,1,13,Miami Dolphins,,Christian Wilkins,DT,Clemson,-- Free agent,2026-10-06
2019,1,14,Atlanta Falcons,,Chris Lindstrom,OG,Boston College,Atlanta Falcons,2026-10-06
2019,1,15,Washington Redskins,,Dwayne Haskins,QB,Ohio State,-- Deceased,2026-10-06
2019,1,16,Carolina Panthers,,Brian Burns,DE,Florida State,New York Giants,2026-10-06
2019,1,17,New York Giants,Cleveland,Dexter Lawrence,DT,Clemson,Cincinnati Bengals,2026-10-06
2019,1,18,Minnesota Vikings,,Garrett Bradbury,C,NC State,Chicago Bears,2026-10-06
2019,1,19,Tennessee Titans,,Jeffery Simmons,DT,Mississippi State,Tennessee Titans,2026-10-06
2019,1,20,Denver Broncos,Pittsburgh,Noah Fant,TE,Iowa,New Orleans Saints,2026-10-06
2019,1,21,Green Bay Packers,Seattle,Darnell Savage,FS,Maryland,-- Free agent,2026-10-06
2019,1,22,Philadelphia Eagles,Baltimore,Andre Dillard,OT,Washington State,-- Free agent,2026-10-06
2019,1,23,Houston Texans,,Tytus Howard,OT,Alabama State,Cleveland Browns,2026-10-06
2019,1,24,Oakland Raiders,Chicago,Josh Jacobs,RB,Alabama,Green Bay Packers,2026-10-06
2019,1,25,Baltimore Ravens,Philadelphia,Marquise Brown,WR,Oklahoma,Philadelphia Eagles,2026-10-06
2019,1,26,Washington Redskins,Indianapolis,Montez Sweat,DE,Mississippi State,Chicago Bears,2026-10-06
2019,1,27,Oakland Raiders,Dallas,Johnathan Abram,S,Mississippi State,-- Free agent,2026-10-06
2019,1,28,Los Angeles Chargers,,Jerry Tillery,DT,Notre Dame,Indianapolis Colts,2026-10-06
2019,1,29,Seattle Seahawks,Kansas City,L. J. Collier,DE,TCU,Arizona Cardinals,2026-10-06
2019,1,30,New York Giants,New Orleans via Green Bay and Seattle,Deandre Baker,CB,Georgia,-- Free agent,2026-10-06
2019,1,31,Atlanta Falcons,LA Rams,Kaleb McGary,OT,Washington,-- Retired,2026-10-06
2019,1,32,New England Patriots,,N'Keal Harry,WR,Arizona State,-- Free agent,2026-10-06
2019,2,33,Arizona Cardinals,,Byron Murphy,CB,Washington,Minnesota Vikings,2026-10-06
2019,2,34,Indianapolis Colts,NY Jets,Rock Ya-Sin,CB,Temple,Detroit Lions,2026-10-06
2019,2,35,Jacksonville Jaguars,Oakland,Jawaan Taylor,OT,Florida,Atlanta Falcons,2026-10-06
2019,2,36,San Francisco 49ers,,Deebo Samuel,WR,South Carolina,San Francisco 49ers,2026-10-06
2019,2,37,Carolina Panthers,NY Giants via Seattle,Greg Little,OT,Ole Miss,-- Free agent,2026-10-06
2019,2,38,Buffalo Bills,Jacksonville via Oakland,Cody Ford,OT,Oklahoma,-- Free agent,2026-10-06
2019,2,39,Tampa Bay Buccaneers,,Sean Murphy-Bunting,CB,Central Michigan,Pittsburgh Steelers,2026-10-06
2019,2,40,Oakland Raiders,Buffalo,Trayvon Mullen,CB,Clemson,-- Free agent,2026-10-06
2019,2,41,Denver Broncos,,Dalton Risner,OT,Kansas State,Cincinnati Bengals,2026-10-06
2019,2,42,Denver Broncos,Cincinnati,Drew Lock,QB,Missouri,Seattle Seahawks,2026-10-06
2019,2,43,Detroit Lions,,Jahlani Tavai,LB,Hawaii,Jacksonville Jaguars,2026-10-06
2019,2,44,Green Bay Packers,,Elgton Jenkins,C,Mississippi State,Cleveland Browns,2026-10-06
2019,2,45,New England Patriots,Atlanta via LA Rams,Joejuan Williams,CB,Vanderbilt,-- Free agent,2026-10-06
2019,2,46,Cleveland Browns,Washington via Indianapolis,Greedy Williams,CB,LSU,-- Free agent,2026-10-06
2019,2,47,Seattle Seahawks,Carolina,Marquise Blair,S,Utah,-- Free agent,2026-10-06
2019,2,48,New Orleans Saints,Miami,Erik McCoy,C,Texas A&M,New Orleans Saints,2026-10-06
2019,2,49,Indianapolis Colts,Cleveland,Ben Banogu,LB,TCU,-- Free agent,2026-10-06
2019,2,50,Minnesota Vikings,,Irv Smith Jr.,TE,Alabama,-- Free agent,2026-10-06
2019,2,51,Tennessee Titans,,A. J. Brown,WR,Ole Miss,New England Patriots,2026-10-06
2019,2,52,Cincinnati Bengals,Pittsburgh via Denver,Drew Sample,TE,Washington,Cincinnati Bengals,2026-10-06
2019,2,53,Philadelphia Eagles,Baltimore,Miles Sanders,RB,Penn State,-- Free agent,2026-10-06
2019,2,54,Houston Texans,Seattle,Lonnie Johnson Jr.,CB,Kentucky,-- Free agent,2026-10-06
2019,2,55,Houston Texans,,Max Scharping,OT,Northern Illinois,-- Free agent,2026-10-06
2019,2,56,Kansas City Chiefs,Chicago via New England and LA Rams,Mecole Hardman,WR,Georgia,-- Free agent,2026-10-06
2019,2,57,Philadelphia Eagles,,J. J. Arcega-Whiteside,WR,Stanford,-- Free agent,2026-10-06
2019,2,58,Dallas Cowboys,,Trysten Hill,DT,UCF,-- Free agent,2026-10-06
2019,2,59,Indianapolis Colts,,Parris Campbell,WR,Ohio State,-- Inactive,2026-10-06
2019,2,60,Los Angeles Chargers,,Nasir Adderley,S,Delaware,-- Free agent,2026-10-06
2019,2,61,Los Angeles Rams,Kansas City,Taylor Rapp,S,Washington,Denver Broncos,2026-10-06
2019,2,62,Arizona Cardinals,New Orleans via Miami,Andy Isabella,WR,UMass,-- Free agent,2026-10-06
2019,2,63,Kansas City Chiefs,LA Rams,Juan Thornhill,S,Virginia,-- Free agent,2026-10-06
2019,2,64,Seattle Seahawks,New England,DK Metcalf,WR,Ole Miss,Pittsburgh Steelers,2026-10-06
2019,3,65,Arizona Cardinals,,Zach Allen,DE,Boston College,Denver Broncos,2026-10-06
2019,3,66,Pittsburgh Steelers,Oakland,Diontae Johnson,WR,Toledo,-- Free agent,2026-10-06
2019,3,67,San Francisco 49ers,,Jalen Hurd,WR,Baylor,New England Patriots,2026-10-06
2019,3,68,New York Jets,,Jachai Polite,LB,Florida,-- Free agent,2026-10-06
2019,3,69,Jacksonville Jaguars,,Josh Oliver,TE,San Jose State,Minnesota Vikings,2026-10-06
2019,3,70,Los Angeles Rams,Tampa Bay,Darrell Henderson,RB,Memphis,-- Free agent,2026-10-06
2019,3,71,Denver Broncos,,Dre'Mont Jones,DT,Ohio State,New England Patriots,2026-10-06
2019,3,72,Cincinnati Bengals,,Germaine Pratt,LB,NC State,-- Free agent,2026-10-06
2019,3,73,Chicago Bears,Detroit via New England,David Montgomery,RB,Iowa State,Houston Texans,2026-10-06
2019,3,74,Buffalo Bills,,Devin Singletary,RB,Florida Atlantic,New York Giants,2026-10-06
2019,3,75,Green Bay Packers,,Jace Sternberger,TE,Texas A&M,-- Free agent,2026-10-06
2019,3,76,Washington Redskins,,Terry McLaurin,WR,Ohio State,Washington Commanders,2026-10-06
2019,3,77,New England Patriots,Carolina via Seattle,Chase Winovich,DE,Michigan,-- Free agent,2026-10-06
2019,3,78,Miami Dolphins,,Michael Deiter,OG,Wisconsin,Denver Broncos,2026-10-06
2019,3,79,Los Angeles Rams,Atlanta,David Long,CB,Michigan,New Orleans Saints,2026-10-06
2019,3,80,Cleveland Browns,,Sione Takitaki,LB,BYU,-- Free agent,2026-10-06
2019,3,81,Detroit Lions,Minnesota,Will Harris,S,Boston College,-- Free agent,2026-10-06
2019,3,82,Tennessee Titans,,Nate Davis,OG,Charlotte,-- Free agent,2026-10-06
2019,3,83,Pittsburgh Steelers,,Justin Layne,CB,Michigan State,-- Free agent,2026-10-06
2019,3,84,Kansas City Chiefs,Seattle,Khalen Saunders,DT,Western Illinois,-- Free agent,2026-10-06
2019,3,85,Baltimore Ravens,,Jaylon Ferguson,DE,Louisiana Tech,-- Deceased,2026-10-06
2019,3,86,Houston Texans,,Kahale Warring,TE,San Diego State,-- Free agent,2026-10-06
2019,3,87,New England Patriots,Chicago,Damien Harris,RB,Alabama,-- Inactive,2026-10-06
2019,3,88,Seattle Seahawks,Philadelphia via Detroit and Minnesota,Cody Barton,LB,Utah,Tennessee Titans,2026-10-06
2019,3,89,Indianapolis Colts,,Bobby Okereke,LB,Stanford,Carolina Panthers,2026-10-06
2019,3,90,Dallas Cowboys,,Connor McGovern,OG,Penn State,Buffalo Bills,2026-10-06
2019,3,91,Los Angeles Chargers,,Trey Pipkins,OT,Sioux Falls,Los Angeles Chargers,2026-10-06
2019,3,92,New York Jets,Kansas City via Seattle and Minnesota,Chuma Edoga,OT,USC,Baltimore Ravens,2026-10-06
2019,3,93,Baltimore Ravens,New Orleans via NY Jets and Minnesota,Miles Boykin,WR,Notre Dame,-- Free agent,2026-10-06
2019,3,94,Tampa Bay Buccaneers,LA Rams,Jamel Dean,CB,Auburn,Pittsburgh Steelers,2026-10-06
2019,3,95,New York Giants,New England via Cleveland,Oshane Ximines,DE,Old Dominion,-- Free agent,2026-10-06
2019,3,96,Buffalo Bills,Washington,Dawson Knox,TE,Ole Miss,Buffalo Bills,2026-10-06
2019,3,97,Los Angeles Rams,New England,Bobby Evans,OT,Oklahoma,-- Free agent,2026-10-06
2019,3,98,Jacksonville Jaguars,LA Rams,Quincy Williams,LB,Murray State,Cleveland Browns,2026-10-06
2019,3,99,Tampa Bay Buccaneers,LA Rams,Mike Edwards,S,Kentucky,-- Free agent,2026-10-06
2019,3,100,Carolina Panthers,,Will Grier,QB,West Virginia,-- Inactive,2026-10-06
2019,3,101,New England Patriots,New England via LA Rams,Yodny Cajuste,OT,West Virginia,-- Free agent,2026-10-06
2019,3,102,Minnesota Vikings,Baltimore,Alexander Mattison,RB,Boise State,-- Free agent,2026-10-06
2019,4,103,Arizona Cardinals,,Hakeem Butler,WR,Iowa State,-- Free agent,2026-10-06
2019,4,104,Cincinnati Bengals,San Francisco,Ryan Finley,QB,NC State,-- Inactive,2026-10-06
2019,4,105,New Orleans Saints,NY Jets,C. J. Gardner-Johnson,S,Florida,Buffalo Bills,2026-10-06
2019,4,106,Oakland Raiders,,Maxx Crosby,DE,Eastern Michigan,Las Vegas Raiders,2026-10-06
2019,4,107,Tampa Bay Buccaneers,,Anthony Nelson,DE,Iowa,Tampa Bay Buccaneers,2026-10-06
2019,4,108,New York Giants,,Julian Love,CB,Notre Dame,Seattle Seahawks,2026-10-06
2019,4,109,Indianapolis Colts,Jacksonville via Oakland,Khari Willis,S,Michigan State,-- Retired,2026-10-06
2019,4,110,San Francisco 49ers,Cincinnati,Mitch Wishnowsky,P,Utah,New England Patriots,2026-10-06
2019,4,111,Atlanta Falcons,Detroit,Kendall Sheffield,CB,Ohio State,-- Free agent,2026-10-06
2019,4,112,Washington Redskins,Buffalo,Bryce Love,RB,Stanford,-- Free agent,2026-10-06
2019,4,113,Baltimore Ravens,Denver,Justice Hill,RB,Oklahoma State,Baltimore Ravens,2026-10-06
2019,4,114,Minnesota Vikings,Green Bay via Seattle,Dru Samia,OG,Oklahoma,-- Free agent,2026-10-06
2019,4,115,Carolina Panthers,,Christian Miller,LB,Alabama,-- Free agent,2026-10-06
2019,4,116,Tennessee Titans,Miami via New Orleans and NY Jets,Amani Hooker,S,Iowa,Tennessee Titans,2026-10-06
2019,4,117,Detroit Lions,Atlanta,Austin Bryant,DE,Clemson,-- Free agent,2026-10-06
2019,4,118,New England Patriots,Washington via Green Bay and Seattle,Hjalte Froholdt,OG,Arkansas,Arizona Cardinals,2026-10-06
2019,4,119,Cleveland Browns,,Sheldrick Redwine,S,Miami (FL),-- Free agent,2026-10-06
2019,4,120,Seattle Seahawks,Minnesota,Gary Jennings Jr.,WR,West Virginia,Los Angeles Chargers,2026-10-06
2019,4,121,New York Jets,Tennessee,Trevon Wesco,TE,West Virginia,-- Free agent,2026-10-06
2019,4,122,Pittsburgh Steelers,,Benny Snell,RB,Kentucky,-- Free agent,2026-10-06
2019,4,123,Baltimore Ravens,,Ben Powers,OG,Oklahoma,Denver Broncos,2026-10-06
2019,4,124,Seattle Seahawks,,Phil Haynes,OG,Wake Forest,-- Free agent,2026-10-06
2019,4,125,Cincinnati Bengals,Houston via Denver,Renell Wren,DT,Arizona State,-- Free agent,2026-10-06
2019,4,126,Chicago Bears,,Riley Ridley,WR,Georgia,-- Free agent,2026-10-06
2019,4,127,Baltimore Ravens,Philadelphia,Iman Marshall,CB,USC,-- Free agent,2026-10-06
2019,4,128,Dallas Cowboys,,Tony Pollard,RB,Memphis,Tennessee Titans,2026-10-06
2019,4,129,Oakland Raiders,Indianapolis,Isaiah Johnson,CB,Houston,-- Inactive,2026-10-06
2019,4,130,Los Angeles Chargers,,Drue Tranquill,LB,Notre Dame,Kansas City Chiefs,2026-10-06
2019,4,131,Washington Redskins,Kansas City via Buffalo,Wes Martin,OG,Indiana,-- Free agent,2026-10-06
2019,4,132,Seattle Seahawks,New Orleans via NY Giants,Ugo Amadi,S,Oregon,-- Free agent,2026-10-06
2019,4,133,New England Patriots,LA Rams,Jarrett Stidham,QB,Auburn,Denver Broncos,2026-10-06
2019,4,134,Los Angeles Rams,New England,Greg Gaines,DT,Washington,Buffalo Bills,2026-10-06
2019,4,135,Atlanta Falcons,Indianapolis via Oakland,John Cominsky,DE,Charleston,-- Free agent,2026-10-06
2019,4,136,Cincinnati Bengals,Dallas,Michael Jordan,OG,Ohio State,-- Free agent,2026-10-06
2019,4,137,Oakland Raiders,Atlanta,Foster Moreau,TE,LSU,Houston Texans,2026-10-06
2019,4,138,Philadelphia Eagles,,Shareef Miller,DE,Penn State,-- Inactive,2026-10-06
2019,5,139,Arizona Cardinals,,Deionte Thompson,S,Alabama,-- Free agent,2026-10-06
2019,5,140,Jacksonville Jaguars,NY Jets via Oakland,Ryquell Armstead,RB,Temple,-- Free agent,2026-10-06
2019,5,141,Pittsburgh Steelers,Oakland,Zach Gentry,TE,Michigan,-- Free agent,2026-10-06
2019,5,142,Seattle Seahawks,San Francisco via Detroit and NY Giants,Ben Burr-Kirven,LB,Washington,-- Free agent,2026-10-06
2019,5,143,New York Giants,,Ryan Connelly,LB,Wisconsin,-- Free agent,2026-10-06
2019,5,144,Indianapolis Colts,Jacksonville via Cleveland,Marvell Tell,S,USC,-- Free agent,2026-10-06
2019,5,145,Tampa Bay Buccaneers,,Matt Gay,K,Utah,Las Vegas Raiders,2026-10-06
2019,5,146,Detroit Lions,,Amani Oruwariye,CB,Penn State,Baltimore Ravens,2026-10-06
2019,5,147,Buffalo Bills,,Vosean Joseph,LB,Florida,-- Free agent,2026-10-06
2019,5,148,San Francisco 49ers,Denver,Dre Greenlaw,LB,Arkansas,San Francisco 49ers,2026-10-06
2019,5,149,Oakland Raiders,Cincinnati via Dallas,Hunter Renfrow,WR,Clemson,-- Free agent,2026-10-06
2019,5,150,Green Bay Packers,,Kingsley Keke,DT,Texas A&M,-- Free agent,2026-10-06
2019,5,151,Miami Dolphins,,Andrew Van Ginkel,LB,Wisconsin,Minnesota Vikings,2026-10-06
2019,5,152,Atlanta Falcons,,Qadree Ollison,RB,Pittsburgh,-- Free agent,2026-10-06
2019,5,153,Washington Redskins,,Ross Pierschbacher,OG,Alabama,-- Free agent,2026-10-06
2019,5,154,Carolina Panthers,,Jordan Scarlett,RB,Florida,-- Free agent,2026-10-06
2019,5,155,Cleveland Browns,,Mack Wilson,LB,Alabama,Arizona Cardinals,2026-10-06
2019,5,156,Denver Broncos,Minnesota,Justin Hollins,LB,Oregon,-- Free agent,2026-10-06
2019,5,157,New York Jets,Tennessee,Blake Cashman,LB,Minnesota,Minnesota Vikings,2026-10-06
2019,5,158,Dallas Cowboys,"Pittsburgh via Oakland, Buffalo and Oakland",Michael Jackson,CB,Miami (FL),Carolina Panthers,2026-10-06
2019,5,159,New England Patriots,Seattle via Minnesota,Byron Cowart,DT,Maryland,Washington Commanders,2026-10-06
2019,5,160,Baltimore Ravens,,Daylon Mack,DT,Texas A&M,-- Free agent,2026-10-06
2019,5,161,Houston Texans,,Charles Omenihu,DE,Texas,Washington Commanders,2026-10-06
2019,5,162,Minnesota Vikings,"Chicago via New England, LA Rams and New England",Cameron Smith,LB,USC,-- Retired,2026-10-06
2019,5,163,New England Patriots,Philadelphia,Jake Bailey,P,Stanford,Atlanta Falcons,2026-10-06
2019,5,164,Indianapolis Colts,,E. J. Speed,LB,Tarleton State,Houston Texans,2026-10-06
2019,5,165,Dallas Cowboys,,Joe Jackson,DE,Miami (FL),-- Free agent,2026-10-06
2019,5,166,Los Angeles Chargers,,Easton Stick,QB,North Dakota State,Tampa Bay Buccaneers,2026-10-06
2019,5,167,Philadelphia Eagles,Kansas City via LA Rams and New England,Clayton Thorson,QB,Northwestern,-- Free agent,2026-10-06
2019,5,168,Tennessee Titans,New Orleans via NY Jets,D'Andre Walker,LB,Georgia,-- Free agent,2026-10-06
2019,5,169,Los Angeles Rams,,David Edwards,OT,Wisconsin,New Orleans Saints,2026-10-06
2019,5,170,Cleveland Browns,New England,Austin Seibert,K,Oklahoma,-- Free agent,2026-10-06
2019,5,171,New York Giants,,Darius Slayton,WR,Auburn,Indianapolis Colts,2026-10-06
2019,5,172,Atlanta Falcons,,Jordan Miller,CB,Washington,-- Free agent,2026-10-06
2019,5,173,Washington Redskins,,Cole Holcomb,LB,North Carolina,Pittsburgh Steelers,2026-10-06
2019,6,174,Arizona Cardinals,,KeeSean Johnson,WR,Fresno State,-- Free agent,2026-10-06
2019,6,175,Pittsburgh Steelers,Oakland,Sutton Smith,DE,Northern Illinois,-- Inactive,2026-10-06
2019,6,176,San Francisco 49ers,,Kaden Smith,TE,Stanford,-- Free agent,2026-10-06
2019,6,177,New Orleans Saints,NY Jets,Saquan Hampton,S,Rutgers,-- Free agent,2026-10-06
2019,6,178,Jacksonville Jaguars,,Gardner Minshew,QB,Washington State,Arizona Cardinals,2026-10-06
2019,6,179,Arizona Cardinals,Tampa Bay,Lamont Gaillard,C,Georgia,-- Free agent,2026-10-06
2019,6,180,New York Giants,,Corey Ballentine,CB,Washburn,-- Free agent,2026-10-06
2019,6,181,Buffalo Bills,,Jaquan Johnson,CB,Miami (FL),-- Free agent,2026-10-06
2019,6,182,Cincinnati Bengals,Denver,Trayveon Williams,RB,Texas A&M,-- Free agent,2026-10-06
2019,6,183,San Francisco 49ers,Cincinnati,Justin Skule,OT,Vanderbilt,Tampa Bay Buccaneers,2026-10-06
2019,6,184,Detroit Lions,,Travis Fulgham,WR,Old Dominion,-- Free agent,2026-10-06
2019,6,185,Green Bay Packers,,Ka'dar Hollman,CB,Toledo,-- Free agent,2026-10-06
2019,6,186,Detroit Lions,Atlanta,Ty Johnson,RB,Maryland,Buffalo Bills,2026-10-06
2019,6,187,Denver Broncos,Carolina,Juwann Winfree,WR,Colorado,-- Free agent,2026-10-06
2019,6,188,Tennessee Titans,Miami,David Long Jr.,LB,West Virginia,-- Free agent,2026-10-06
2019,6,189,Cleveland Browns,,Drew Forbes,OT,Southeast Missouri State,-- Free agent,2026-10-06
2019,6,190,Minnesota Vikings,,Armon Watts,DT,Arkansas,-- Free agent,2026-10-06
2019,6,191,Minnesota Vikings,Tennessee via Baltimore,Marcus Epps,S,Wyoming,Philadelphia Eagles,2026-10-06
2019,6,192,Pittsburgh Steelers,,Isaiah Buggs,DT,Alabama,-- Free agent,2026-10-06
2019,6,193,Minnesota Vikings,Baltimore,Oli Udoh,OT,Elon,-- Free agent,2026-10-06
2019,6,194,Green Bay Packers,Seattle,Dexter Williams,RB,Notre Dame,-- Free agent,2026-10-06
2019,6,195,Houston Texans,,Xavier Crawford,CB,Central Michigan,-- Free agent,2026-10-06
2019,6,196,New York Jets,Chicago via Oakland,Blessuan Austin,CB,Rutgers,-- Free agent,2026-10-06
2019,6,197,Baltimore Ravens,Philadelphia,Trace McSorley,QB,Penn State,-- Free agent,2026-10-06
2019,6,198,San Francisco 49ers,Dallas via Cincinnati,Tim Harris,CB,Virginia,-- Free agent,2026-10-06
2019,6,199,Indianapolis Colts,,Gerri Green,DE,Mississippi State,-- Free agent,2026-10-06
2019,6,200,Los Angeles Chargers,,Emeke Egbule,LB,Houston,-- Free agent,2026-10-06
2019,6,201,Kansas City Chiefs,,Rashad Fenton,CB,South Carolina,-- Free agent,2026-10-06
2019,6,202,Miami Dolphins,New Orleans,Isaiah Prince,OT,Ohio State,-- Free agent,2026-10-06
2019,6,203,Atlanta Falcons,LA Rams,Marcus Green,WR,Louisiana–Monroe,-- Free agent,2026-10-06
2019,6,204,Seattle Seahawks,New England via Detroit and Minnesota,Travis Homer,RB,Miami (FL),Pittsburgh Steelers,2026-10-06
2019,6,205,Chicago Bears,New England,Duke Shelley,CB,Kansas State,-- Free agent,2026-10-06
2019,6,206,Washington Redskins,,Kelvin Harmon,WR,NC State,-- Free agent,2026-10-06
2019,6,207,Pittsburgh Steelers,Arizona,Ulysees Gilbert III,LB,Akron,-- Free agent,2026-10-06
2019,6,208,Tampa Bay Buccaneers,Philadelphia,Scotty Miller,WR,Bowling Green,-- Free agent,2026-10-06
2019,6,209,Seattle Seahawks,Minnesota,Demarcus Christmas,DT,Florida State,-- Free agent,2026-10-06
2019,6,210,Cincinnati Bengals,,Deshaun Davis,LB,Auburn,-- Inactive,2026-10-06
2019,6,211,Cincinnati Bengals,,Rodney Anderson,RB,Oklahoma,-- Free agent,2026-10-06
2019,6,212,Carolina Panthers,San Francisco via Denver,Dennis Daley,OT,South Carolina,-- Inactive,2026-10-06
2019,6,213,Dallas Cowboys,Cincinnati,Donovan Wilson,S,Texas A&M,-- Free agent,2026-10-06
2019,6,214,Kansas City Chiefs,,Darwin Thompson,RB,Utah State,-- Free agent,2026-10-06
2019,7,215,Tampa Bay Buccaneers,Arizona,Terry Beckner,DT,Missouri,-- Free agent,2026-10-06
2019,7,216,Kansas City Chiefs,San Francisco,Nick Allegretti,OG,Illinois,Washington Commanders,2026-10-06
2019,7,217,Minnesota Vikings,NY Jets,Kris Boyd,CB,Texas,-- Inactive,2026-10-06
2019,7,218,Dallas Cowboys,Oakland,Mike Weber,RB,Ohio State,-- Free agent,2026-10-06
2019,7,219,Pittsburgh Steelers,Tampa Bay,Derwin Gray,OT,Maryland,-- Free agent,2026-10-06
2019,7,220,Houston Texans,NY Giants via Denver,Cullen Gillaspia,FB,Texas A&M,-- Free agent,2026-10-06
2019,7,221,Cleveland Browns,Jacksonville,Donnie Lewis,CB,Tulane,-- Free agent,2026-10-06
2019,7,222,Chicago Bears,Denver via Philadelphia,Kerrith Whyte,RB,Florida Atlantic,-- Free agent,2026-10-06
2019,7,223,Cincinnati Bengals,,Jordan Brown,CB,South Dakota State,-- Free agent,2026-10-06
2019,7,224,Detroit Lions,,Isaac Nauta,TE,Georgia,-- Free agent,2026-10-06
2019,7,225,Buffalo Bills,,Darryl Johnson,DE,North Carolina A&T,-- Free agent,2026-10-06
2019,7,226,Green Bay Packers,,Ty Summers,LB,TCU,-- Free agent,2026-10-06
2019,7,227,Washington Redskins,,Jimmy Moreland,CB,James Madison,-- Free agent,2026-10-06
2019,7,228,Buffalo Bills,Carolina,Tommy Sweeney,TE,Boston College,-- Free agent,2026-10-06
2019,7,229,Detroit Lions,Miami,P. J. Johnson,DE,Arizona,-- Free agent,2026-10-06
2019,7,230,Oakland Raiders,Atlanta,Quinton Bell,DE,Prairie View A&M,-- Free agent,2026-10-06
2019,7,231,New Orleans Saints,Cleveland,Alizé Mack,TE,Notre Dame,-- Free agent,2026-10-06
2019,7,232,New York Giants,Minnesota,George Asafo-Adjei,OT,Kentucky,-- Inactive,2026-10-06
2019,7,233,Miami Dolphins,Tennessee,Chandler Cox,FB,Auburn,-- Free agent,2026-10-06
2019,7,234,Miami Dolphins,Pittsburgh via Cleveland,Myles Gaskin,RB,Washington,-- Free agent,2026-10-06
2019,7,235,Jacksonville Jaguars,Seattle via Oakland,Dontavius Russell,DT,Auburn,-- Free agent,2026-10-06
2019,7,236,Seattle Seahawks,Baltimore via Jacksonville,John Ursua,WR,Hawaii,-- Free agent,2026-10-06
2019,7,237,Carolina Panthers,Houston via Denver,Terry Godwin,WR,Georgia,-- Free agent,2026-10-06
2019,7,238,Chicago Bears,,Stephen Denmark,CB,Valdosta State,-- Free agent,2026-10-06
2019,7,239,Minnesota Vikings,Philadelphia via New England,Dillon Mitchell,WR,Oregon,-- Free agent,2026-10-06
2019,7,240,Indianapolis Colts,,Jackson Barton,OT,Utah,-- Free agent,2026-10-06
2019,7,241,Dallas Cowboys,,Jalen Jelks,DE,Oregon,-- Free agent,2026-10-06
2019,7,242,Los Angeles Chargers,,Cortez Broughton,DT,Cincinnati,-- Free agent,2026-10-06
2019,7,243,Los Angeles Rams,"Kansas City via San Francisco, Cleveland and New England",Nick Scott,S,Penn State,Carolina Panthers,2026-10-06
2019,7,244,New Orleans Saints,,Kaden Elliss,LB,Idaho,New Orleans Saints,2026-10-06
2019,7,245,New York Giants,LA Rams,Chris Slayton,DT,Syracuse,-- Free agent,2026-10-06
2019,7,246,Indianapolis Colts,New England via Philadelphia,Javon Patterson,C,Ole Miss,-- Free agent,2026-10-06
2019,7,247,Minnesota Vikings,,Bisi Johnson,WR,Colorado State,-- Free agent,2026-10-06
2019,7,248,Arizona Cardinals,,Joshua Miles,OT,Morgan State,-- Inactive,2026-10-06
2019,7,249,Arizona Cardinals,,Michael Dogbe,DE,Temple,-- Free agent,2026-10-06
2019,7,250,Minnesota Vikings,,Austin Cutting,LS,Air Force,-- Free agent,2026-10-06
2019,7,251,Los Angeles Rams,,Dakota Allen,LB,Texas Tech,-- Free agent,2026-10-06
2019,7,252,New England Patriots,,Ken Webster,CB,Ole Miss,-- Free agent,2026-10-06
2019,7,253,Washington Redskins,,Jordan Brailford,DE,Oklahoma State,-- Free agent,2026-10-06
2019,7,254,Arizona Cardinals,,Caleb Wilson,TE,UCLA,-- Free agent,2026-10-06
2018,1,1,Cleveland Browns,,Baker Mayfield,QB,Oklahoma,Tampa Bay Buccaneers,2026-10-06
2018,1,2,New York Giants,,Saquon Barkley,RB,Penn State,Philadelphia Eagles,2026-10-06
2018,1,3,New York Jets,Indianapolis,Sam Darnold,QB,USC,Seattle Seahawks,2026-10-06
2018,1,4,Cleveland Browns,Houston,Denzel Ward,CB,Ohio State,Cleveland Browns,2026-10-06
2018,1,5,Denver Broncos,,Bradley Chubb,DE,NC State,Buffalo Bills,2026-10-06
2018,1,6,Indianapolis Colts,NY Jets,Quenton Nelson,OG,Notre Dame,Indianapolis Colts,2026-10-06
2018,1,7,Buffalo Bills,Tampa Bay,Josh Allen,QB,Wyoming,Buffalo Bills,2026-10-06
2018,1,8,Chicago Bears,,Roquan Smith,LB,Georgia,Baltimore Ravens,2026-10-06
2018,1,9,San Francisco 49ers,,Mike McGlinchey,OT,Notre Dame,Denver Broncos,2026-10-06
2018,1,10,Arizona Cardinals,Oakland,Josh Rosen,QB,UCLA,-- Free agent,2026-10-06
2018,1,11,Miami Dolphins,,Minkah Fitzpatrick,S,Alabama,New York Jets,2026-10-06
2018,1,12,Tampa Bay Buccaneers,Cincinnati via Buffalo,Vita Vea,NT,Washington,Tampa Bay Buccaneers,2026-10-06
2018,1,13,Washington Redskins,,Daron Payne,NT,Alabama,Washington Commanders,2026-10-06
2018,1,14,New Orleans Saints,Green Bay,Marcus Davenport,DE,UTSA,Chicago Bears,2026-10-06
2018,1,15,Oakland Raiders,Arizona,Kolton Miller,OT,UCLA,Las Vegas Raiders,2026-10-06
2018,1,16,Buffalo Bills,Baltimore,Tremaine Edmunds,LB,Virginia Tech,New York Giants,2026-10-06
2018,1,17,Los Angeles Chargers,,Derwin James,S,Florida State,Los Angeles Chargers,2026-10-06
2018,1,18,Green Bay Packers,Seattle,Jaire Alexander,CB,Louisville,-- Retired,2026-10-06
2018,1,19,Dallas Cowboys,,Leighton Vander Esch,LB,Boise State,-- Retired,2026-10-06
2018,1,20,Detroit Lions,,Frank Ragnow,C,Arkansas,-- Retired,2026-10-06
2018,1,21,Cincinnati Bengals,Buffalo,Billy Price,C,Ohio State,-- Free agent,2026-10-06
2018,1,22,Tennessee Titans,Kansas City via Buffalo and Baltimore,Rashaan Evans,LB,Alabama,-- Free agent,2026-10-06
2018,1,23,New England Patriots,LA Rams,Isaiah Wynn,OT,Georgia,-- Free agent,2026-10-06
2018,1,24,Carolina Panthers,,D. J. Moore,WR,Maryland,Buffalo Bills,2026-10-06
2018,1,25,Baltimore Ravens,Tennessee,Hayden Hurst,TE,South Carolina,-- Free agent,2026-10-06
2018,1,26,Atlanta Falcons,,Calvin Ridley,WR,Alabama,Tennessee Titans,2026-10-06
2018,1,27,Seattle Seahawks,New Orleans via Green Bay,Rashaad Penny,RB,San Diego State,-- Retired,2026-10-06
2018,1,28,Pittsburgh Steelers,,Terrell Edmunds,S,Virginia Tech,-- Free agent,2026-10-06
2018,1,29,Jacksonville Jaguars,,Taven Bryan,DT,Florida,-- Free agent,2026-10-06
2018,1,30,Minnesota Vikings,,Mike Hughes,CB,UCF,Atlanta Falcons,2026-10-06
2018,1,31,New England Patriots,,Sony Michel,RB,Georgia,-- Retired,2026-10-06
2018,1,32,Baltimore Ravens,Philadelphia,Lamar Jackson,QB,Louisville,Baltimore Ravens,2026-10-06
2018,2,33,Cleveland Browns,,Austin Corbett,OT,Nevada,Buffalo Bills,2026-10-06
2018,2,34,New York Giants,,Will Hernandez,OG,UTEP,-- Free agent,2026-10-06
2018,2,35,Cleveland Browns,Houston,Nick Chubb,RB,Georgia,-- Inactive,2026-10-06
2018,2,36,Indianapolis Colts,,Shaquille Leonard,LB,South Carolina State,-- Free agent,2026-10-06
2018,2,37,Indianapolis Colts,NY Jets,Braden Smith,OG,Auburn,Houston Texans,2026-10-06
2018,2,38,Tampa Bay Buccaneers,,Ronald Jones II,RB,USC,-- Free agent,2026-10-06
2018,2,39,Chicago Bears,,James Daniels,C,Iowa,-- Free agent,2026-10-06
2018,2,40,Denver Broncos,,Courtland Sutton,WR,SMU,Denver Broncos,2026-10-06
2018,2,41,Tennessee Titans,Oakland,Harold Landry,LB,Boston College,New England Patriots,2026-10-06
2018,2,42,Miami Dolphins,,Mike Gesicki,TE,Penn State,Cincinnati Bengals,2026-10-06
2018,2,43,Detroit Lions,San Francisco via New England,Kerryon Johnson,RB,Auburn,-- Free agent,2026-10-06
2018,2,44,San Francisco 49ers,Washington,Dante Pettis,WR,Washington,San Francisco 49ers,2026-10-06
2018,2,45,Green Bay Packers,,Josh Jackson,CB,Iowa,-- Free agent,2026-10-06
2018,2,46,Kansas City Chiefs,Cincinnati,Breeland Speaks,DE,Ole Miss,-- Free agent,2026-10-06
2018,2,47,Arizona Cardinals,,Christian Kirk,WR,Texas A&M,San Francisco 49ers,2026-10-06
2018,2,48,Los Angeles Chargers,,Uchenna Nwosu,LB,USC,Seattle Seahawks,2026-10-06
2018,2,49,Philadelphia Eagles,Seattle via NY Jets and Indianapolis,Dallas Goedert,TE,South Dakota State,Philadelphia Eagles,2026-10-06
2018,2,50,Dallas Cowboys,,Connor Williams,OG,Texas,-- Retired,2026-10-06
2018,2,51,Chicago Bears,Detroit via New England,Anthony Miller,WR,Memphis,-- Free agent,2026-10-06
2018,2,52,Indianapolis Colts,Baltimore via Philadelphia,Kemoko Turay,DE,Rutgers,-- Free agent,2026-10-06
2018,2,53,Tampa Bay Buccaneers,Buffalo,M. J. Stewart,CB,North Carolina,Houston Texans,2026-10-06
2018,2,54,Cincinnati Bengals,Kansas City,Jessie Bates,S,Wake Forest,Atlanta Falcons,2026-10-06
2018,2,55,Carolina Panthers,,Donte Jackson,CB,LSU,Los Angeles Chargers,2026-10-06
2018,2,56,New England Patriots,LA Rams via Buffalo and Tampa Bay,Duke Dawson,CB,Florida,-- Free agent,2026-10-06
2018,2,57,Oakland Raiders,Tennessee,P. J. Hall,DT,Sam Houston State,-- Inactive,2026-10-06
2018,2,58,Atlanta Falcons,,Isaiah Oliver,CB,Colorado,Tennessee Titans,2026-10-06
2018,2,59,Washington Redskins,New Orleans via San Francisco,Derrius Guice,RB,LSU,-- Free agent,2026-10-06
2018,2,60,Pittsburgh Steelers,,James Washington,WR,Oklahoma State,-- Free agent,2026-10-06
2018,2,61,Jacksonville Jaguars,,D. J. Chark,WR,LSU,-- Free agent,2026-10-06
2018,2,62,Minnesota Vikings,,Brian O'Neill,OT,Pittsburgh,Minnesota Vikings,2026-10-06
2018,2,63,Tampa Bay Buccaneers,New England,Carlton Davis,CB,Auburn,New England Patriots,2026-10-06
2018,2,64,Indianapolis Colts,Philadelphia via Cleveland,Tyquan Lewis,DE,Ohio State,-- Free agent,2026-10-06
2018,3,65,Oakland Raiders,Cleveland via Buffalo and Baltimore,Brandon Parker,OT,North Carolina A&T,-- Free agent,2026-10-06
2018,3,66,New York Giants,,Lorenzo Carter,LB,Georgia,-- Free agent,2026-10-06
2018,3,67,Cleveland Browns,Indianapolis,Chad Thomas,DE,Miami (FL),-- Free agent,2026-10-06
2018,3,68,Houston Texans,,Justin Reid,S,Stanford,New Orleans Saints,2026-10-06
2018,3,69,New York Giants,Tampa Bay,B. J. Hill,DT,NC State,Cincinnati Bengals,2026-10-06
2018,3,70,San Francisco 49ers,Chicago,Fred Warner,LB,BYU,San Francisco 49ers,2026-10-06
2018,3,71,Denver Broncos,,Royce Freeman,RB,Oregon,-- Free agent,2026-10-06
2018,3,72,New York Jets,,Nathan Shepherd,DT,Fort Hays State,New Orleans Saints,2026-10-06
2018,3,73,Miami Dolphins,,Jerome Baker,LB,Ohio State,-- Free agent,2026-10-06
2018,3,74,Washington Redskins,San Francisco,Geron Christian,OT,Louisville,Jacksonville Jaguars,2026-10-06
2018,3,75,Kansas City Chiefs,Oakland via Baltimore,Derrick Nnadi,DT,Florida State,-- Free agent,2026-10-06
2018,3,76,Pittsburgh Steelers,Green Bay via Seattle,Mason Rudolph,QB,Oklahoma State,Pittsburgh Steelers,2026-10-06
2018,3,77,Cincinnati Bengals,,Sam Hubbard,DE,Ohio State,-- Inactive,2026-10-06
2018,3,78,Cincinnati Bengals,Washington via Kansas City,Malik Jefferson,LB,Texas,-- Free agent,2026-10-06
2018,3,79,Seattle Seahawks,Arizona  via Oakland and Pittsburgh,Rasheem Green,DE,USC,-- Free agent,2026-10-06
2018,3,80,Houston Texans,Seattle,Martinas Rankin,OT,Mississippi State,-- Free agent,2026-10-06
2018,3,81,Dallas Cowboys,,Michael Gallup,WR,Colorado State,-- Free agent,2026-10-06
2018,3,82,Detroit Lions,,Tracy Walker,S,Louisiana,-- Free agent,2026-10-06
2018,3,83,Baltimore Ravens,,Orlando Brown Jr.,OT,Oklahoma,Cincinnati Bengals,2026-10-06
2018,3,84,Los Angeles Chargers,,Justin Jones,DT,NC State,-- Free agent,2026-10-06
2018,3,85,Carolina Panthers,Buffalo,Rashaan Gaulden,CB,Tennessee,-- Free agent,2026-10-06
2018,3,86,Baltimore Ravens,Kansas City,Mark Andrews,TE,Oklahoma,Baltimore Ravens,2026-10-06
2018,3,87,Oakland Raiders,LA Rams,Arden Key,DE,LSU,Indianapolis Colts,2026-10-06
2018,3,88,Green Bay Packers,Carolina,Oren Burks,LB,Vanderbilt,Cincinnati Bengals,2026-10-06
2018,3,89,Los Angeles Rams,Tennessee via Oakland,Joseph Noteboom,OT,TCU,-- Free agent,2026-10-06
2018,3,90,Atlanta Falcons,,Deadrin Senat,DT,South Florida,-- Free agent,2026-10-06
2018,3,91,New Orleans Saints,,Tre'Quan Smith,WR,UCF,-- Free agent,2026-10-06
2018,3,92,Pittsburgh Steelers,,Chukwuma Okorafor,OT,Western Michigan,New York Jets,2026-10-06
2018,3,93,Jacksonville Jaguars,,Ronnie Harrison,S,Alabama,Miami Dolphins,2026-10-06
2018,3,94,Tampa Bay Buccaneers,Minnesota,Alex Cappa,OT,Humboldt State,-- Free agent,2026-10-06
2018,3,95,San Francisco 49ers,New England,Tarvarius Moore,S,Southern Miss,-- Free agent,2026-10-06
2018,3,96,Buffalo Bills,Philadelphia,Harrison Phillips,DT,Stanford,New York Jets,2026-10-06
2018,3,97,Arizona Cardinals,,Mason Cole,C,Michigan,-- Status unconfirmed,2026-10-06
2018,3,98,Houston Texans,,Jordan Akins,TE,UCF,-- Free agent,2026-10-06
2018,3,99,Denver Broncos,,Isaac Yiadom,CB,Boston College,Washington Commanders,2026-10-06
2018,3,100,Kansas City Chiefs,Cincinnati,Dorian O'Daniel,LB,Clemson,-- Free agent,2026-10-06
2018,4,101,Carolina Panthers,Cleveland via Green Bay,Ian Thomas,TE,Indiana,Las Vegas Raiders,2026-10-06
2018,4,102,Minnesota Vikings,NY Giants via Tampa Bay,Jalyn Holmes,DE,Ohio State,Tennessee Titans,2026-10-06
2018,4,103,Houston Texans,,Keke Coutee,WR,Texas Tech,-- Free agent,2026-10-06
2018,4,104,Indianapolis Colts,,Nyheim Hines,RB,NC State,-- Free agent,2026-10-06
2018,4,105,Cleveland Browns,Chicago via New England,Antonio Callaway,WR,Florida,-- Free agent,2026-10-06
2018,4,106,Denver Broncos,,Josey Jewell,LB,Iowa,-- Free agent,2026-10-06
2018,4,107,New York Jets,,Chris Herndon,TE,Miami (FL),-- Free agent,2026-10-06
2018,4,108,New York Giants,Tampa Bay,Kyle Lauletta,QB,Richmond,-- Free agent,2026-10-06
2018,4,109,Washington Redskins,San Francisco via Denver,Troy Apke,S,Penn State,-- Free agent,2026-10-06
2018,4,110,Oakland Raiders,,Nick Nelson,CB,Wisconsin,-- Free agent,2026-10-06
2018,4,111,Los Angeles Rams,Miami,Brian Allen,C,Michigan State,-- Free agent,2026-10-06
2018,4,112,Cincinnati Bengals,,Mark Walton,RB,Miami (FL),-- Inactive,2026-10-06
2018,4,113,Denver Broncos,Washington,DaeSean Hamilton,WR,Penn State,-- Free agent,2026-10-06
2018,4,114,Detroit Lions,Green Bay via Cleveland and New England,Da'Shawn Hand,DE,Alabama,Atlanta Falcons,2026-10-06
2018,4,115,Chicago Bears,Arizona,Joel Iyiegbuniwe,LB,Western Kentucky,-- Free agent,2026-10-06
2018,4,116,Dallas Cowboys,,Dorance Armstrong,DE,Kansas,Washington Commanders,2026-10-06
2018,4,117,Tampa Bay Buccaneers,Detroit via New England,Jordan Whitehead,S,Pittsburgh,-- Free agent,2026-10-06
2018,4,118,Baltimore Ravens,,Anthony Averett,CB,Alabama,-- Free agent,2026-10-06
2018,4,119,Los Angeles Chargers,,Kyzir White,S,West Virginia,-- Free agent,2026-10-06
2018,4,120,Seattle Seahawks,,Will Dissly,TE,Washington,-- Free agent,2026-10-06
2018,4,121,Buffalo Bills,,Taron Johnson,CB,Weber State,Las Vegas Raiders,2026-10-06
2018,4,122,Baltimore Ravens,Kansas City,Kenny Young,LB,UCLA,-- Free agent,2026-10-06
2018,4,123,Miami Dolphins,Carolina via Cleveland,Durham Smythe,TE,Notre Dame,Baltimore Ravens,2026-10-06
2018,4,124,Kansas City Chiefs,LA Rams,Armani Watts,S,Texas A&M,-- Free agent,2026-10-06
2018,4,125,Philadelphia Eagles,Tennessee via Baltimore,Avonte Maddox,CB,Pittsburgh,Detroit Lions,2026-10-06
2018,4,126,Atlanta Falcons,,Ito Smith,RB,Southern Miss,-- Free agent,2026-10-06
2018,4,127,New Orleans Saints,,Rick Leonard,OT,Florida State,-- Free agent,2026-10-06
2018,4,128,San Francisco 49ers,Pittsburgh,Kentavius Street,DE,NC State,Chicago Bears,2026-10-06
2018,4,129,Jacksonville Jaguars,,Will Richardson,OT,NC State,-- Free agent,2026-10-06
2018,4,130,Philadelphia Eagles,Minnesota,Josh Sweat,DE,Florida State,Arizona Cardinals,2026-10-06
2018,4,131,Miami Dolphins,New England via Philadelphia,Kalen Ballage,RB,Arizona State,-- Free agent,2026-10-06
2018,4,132,Baltimore Ravens,Philadelphia,Jaleel Scott,WR,New Mexico State,-- Free agent,2026-10-06
2018,4,133,Green Bay Packers,,J'Mon Moore,WR,Missouri,-- Free agent,2026-10-06
2018,4,134,Arizona Cardinals,,Chase Edmonds,RB,Fordham,-- Free agent,2026-10-06
2018,4,135,Los Angeles Rams,NY Giants,John Franklin-Myers,DE,Stephen F. Austin,Tennessee Titans,2026-10-06
2018,4,136,Carolina Panthers,New England via LA Rams,Marquis Haynes,DE,Ole Miss,-- Free agent,2026-10-06
2018,4,137,Dallas Cowboys,,Dalton Schultz,TE,Stanford,Houston Texans,2026-10-06
2018,5,138,Green Bay Packers,Cleveland,Cole Madison,OG,Washington State,-- Free agent,2026-10-06
2018,5,139,New York Giants,,R. J. McIntosh,DT,Miami (FL),-- Free agent,2026-10-06
2018,5,140,Oakland Raiders,Indianapolis,Maurice Hurst II,DT,Michigan,-- Free agent,2026-10-06
2018,5,141,Seattle Seahawks,Houston,Shaquem Griffin,LB,UCF,-- Free agent,2026-10-06
2018,5,142,San Francisco 49ers,Denver via Washington,D. J. Reed,CB,Kansas State,Detroit Lions,2026-10-06
2018,5,143,New England Patriots,San Francisco via NY Jets,Ja'Whaun Bentley,LB,Purdue,-- Free agent,2026-10-06
2018,5,144,Tampa Bay Buccaneers,,Justin Watson,WR,Penn,-- Free agent,2026-10-06
2018,5,145,Chicago Bears,,Bilal Nichols,DT,Delaware,-- Free agent,2026-10-06
2018,5,146,Seattle Seahawks,Oakland,Tre Flowers,S,Oklahoma State,-- Free agent,2026-10-06
2018,5,147,Los Angeles Rams,Miami via New Orleans and Green Bay,Micah Kiser,LB,Virginia,-- Free agent,2026-10-06
2018,5,148,Pittsburgh Steelers,San Francisco,Marcus Allen,S,Penn State,-- Free agent,2026-10-06
2018,5,149,Seattle Seahawks,Washington via Denver,Michael Dickson,P,Texas,Seattle Seahawks,2026-10-06
2018,5,150,Cleveland Browns,Green Bay,Genard Avery,LB,Memphis,-- Free agent,2026-10-06
2018,5,151,Cincinnati Bengals,,Davontae Harris,CB,Illinois State,-- Free agent,2026-10-06
2018,5,152,Tennessee Titans,Arizona via Oakland and Baltimore,Dane Cruikshank,CB,Arizona,-- Free agent,2026-10-06
2018,5,153,Detroit Lions,,Tyrell Crosby,OT,Oregon,-- Free agent,2026-10-06
2018,5,154,Buffalo Bills,Baltimore,Siran Neal,CB,Jacksonville State,San Francisco 49ers,2026-10-06
2018,5,155,Los Angeles Chargers,,Scott Quessenberry,C,UCLA,-- Free agent,2026-10-06
2018,5,156,Denver Broncos,Seattle via Philadelphia and Seattle,Troy Fumagalli,TE,Wisconsin,-- Free agent,2026-10-06
2018,5,157,Minnesota Vikings,Dallas via NY Jets,Tyler Conklin,TE,Central Michigan,Detroit Lions,2026-10-06
2018,5,158,Cincinnati Bengals,Buffalo,Andrew Brown,DE,Virginia,-- Free agent,2026-10-06
2018,5,159,Indianapolis Colts,"Kansas City via Cleveland, New England and Oakland",Daurice Fountain,WR,Northern Iowa,-- Free agent,2026-10-06
2018,5,160,Los Angeles Rams,LA Rams via Denver,Ogbonnia Okoronkwo,LB,Oklahoma,San Francisco 49ers,2026-10-06
2018,5,161,Carolina Panthers,,Jermaine Carter,LB,Maryland,-- Free agent,2026-10-06
2018,5,162,Baltimore Ravens,Tennessee,Jordan Lasley,WR,UCLA,-- Inactive,2026-10-06
2018,5,163,Washington Redskins,Atlanta via Denver,Tim Settle,DT,Virginia Tech,Washington Commanders,2026-10-06
2018,5,164,New Orleans Saints,,Natrell Jamerson,S,Wisconsin,-- Free agent,2026-10-06
2018,5,165,Pittsburgh Steelers,,Jaylen Samuels,RB,NC State,-- Free agent,2026-10-06
2018,5,166,Buffalo Bills,Jacksonville,Wyatt Teller,OG,Virginia Tech,Houston Texans,2026-10-06
2018,5,167,Minnesota Vikings,Minnesota via NY Jets,Daniel Carlson,K,Auburn,New Orleans Saints,2026-10-06
2018,5,168,Seattle Seahawks,New England,Jamarco Jones,OT,Ohio State,-- Free agent,2026-10-06
2018,5,169,Indianapolis Colts,Philadelphia,Jordan Wilkins,RB,Ole Miss,-- Free agent,2026-10-06
2018,5,170,Cincinnati Bengals,,Darius Phillips,CB,Western Michigan,-- Free agent,2026-10-06
2018,5,171,Dallas Cowboys,,Mike White,QB,Western Kentucky,-- Free agent,2026-10-06
2018,5,172,Green Bay Packers,,J. K. Scott,P,Alabama,Los Angeles Chargers,2026-10-06
2018,5,173,Oakland Raiders,Dallas,Johnny Townsend,P,Florida,-- Free agent,2026-10-06
2018,5,174,Green Bay Packers,,Marquez Valdes-Scantling,WR,South Florida,Los Angeles Chargers,2026-10-06
2018,6,175,Cleveland Browns,,Damion Ratley,WR,Texas A&M,-- Free agent,2026-10-06
2018,6,176,Los Angeles Rams,NY Giants,John Kelly,RB,Tennessee,-- Free agent,2026-10-06
2018,6,177,Houston Texans,,Duke Ejiofor,DE,Wake Forest,-- Free agent,2026-10-06
2018,6,178,New England Patriots,Indianapolis via Cleveland,Christian Sam,LB,Arizona State,-- Free agent,2026-10-06
2018,6,179,New York Jets,,Parry Nickerson,CB,Tulane,-- Free agent,2026-10-06
2018,6,180,New York Jets,Tampa Bay via Minnesota,Folorunso Fatukasi,DT,UConn,Las Vegas Raiders,2026-10-06
2018,6,181,Chicago Bears,,Kylie Fitts,DE,Utah,-- Free agent,2026-10-06
2018,6,182,Arizona Cardinals,Denver,Chris Campbell,CB,Penn State,-- Inactive,2026-10-06
2018,6,183,Denver Broncos,Miami via LA Rams,Sam Jones,OG,Arizona State,-- Free agent,2026-10-06
2018,6,184,San Francisco 49ers,,Marcell Harris,S,Florida,-- Free agent,2026-10-06
2018,6,185,Indianapolis Colts,Oakland,Deon Cain,WR,Clemson,-- Free agent,2026-10-06
2018,6,186,Seattle Seahawks,Green Bay,Jacob Martin,LB,Temple,Tennessee Titans,2026-10-06
2018,6,187,Buffalo Bills,Cincinnati,Ray-Ray McCloud,WR,Clemson,-- Free agent,2026-10-06
2018,6,188,Cleveland Browns,Washington,Simeon Thomas,CB,Louisiana,-- Free agent,2026-10-06
2018,6,189,New Orleans Saints,Arizona,Kamrin Moore,CB,Boston College,-- Inactive,2026-10-06
2018,6,190,Baltimore Ravens,,DeShon Elliott,S,Texas,Pittsburgh Steelers,2026-10-06
2018,6,191,Los Angeles Chargers,,Dylan Cantrell,WR,Texas Tech,-- Free agent,2026-10-06
2018,6,192,Los Angeles Rams,Seattle via Oakland and Dallas,Jamil Demby,OT,Maine,-- Free agent,2026-10-06
2018,6,193,Dallas Cowboys,,Chris Covington,LB,Indiana,-- Inactive,2026-10-06
2018,6,194,Atlanta Falcons,Detroit via LA Rams,Russell Gage,WR,LSU,-- Free agent,2026-10-06
2018,6,195,Los Angeles Rams,Buffalo,Sebastian Joseph-Day,DT,Rutgers,Pittsburgh Steelers,2026-10-06
2018,6,196,Kansas City Chiefs,,Tremon Smith,CB,Central Arkansas,Houston Texans,2026-10-06
2018,6,197,Washington Redskins,Carolina via LA Rams,Shaun Dion Hamilton,LB,Alabama,-- Free agent,2026-10-06
2018,6,198,Kansas City Chiefs,LA Rams via New England,Kahlil McKenzie,DT,Tennessee,-- Free agent,2026-10-06
2018,6,199,Tennessee Titans,,Luke Falk,QB,Washington State,-- Inactive,2026-10-06
2018,6,200,Atlanta Falcons,,Foyesade Oluokun,S,Yale,Jacksonville Jaguars,2026-10-06
2018,6,201,New Orleans Saints,,Boston Scott,RB,Louisiana Tech,-- Free agent,2026-10-06
2018,6,202,Tampa Bay Buccaneers,Pittsburgh via Cleveland and Pittsburgh,Jack Cichy,LB,Wisconsin,-- Inactive,2026-10-06
2018,6,203,Jacksonville Jaguars,,Tanner Lee,QB,Nebraska,-- Inactive,2026-10-06
2018,6,204,New York Jets,Minnesota,Trenton Cannon,RB,Virginia State,-- Free agent,2026-10-06
2018,6,205,Los Angeles Rams,New England via Cleveland and Washington,Trevon Young,DE,Louisville,-- Free agent,2026-10-06
2018,6,206,Philadelphia Eagles,,Matt Pryor,OT,TCU,New England Patriots,2026-10-06
2018,6,207,Green Bay Packers,,Equanimeous St. Brown,WR,Notre Dame,-- Free agent,2026-10-06
2018,6,208,Dallas Cowboys,,Cedrick Wilson Jr.,WR,Boise State,-- Free agent,2026-10-06
2018,6,209,Miami Dolphins,Kansas City via LA Rams,Cornell Armstrong,CB,Southern Miss,-- Free agent,2026-10-06
2018,6,210,New England Patriots,Oakland,Braxton Berrios,WR,Miami (FL),New York Giants,2026-10-06
2018,6,211,Houston Texans,,Jordan Thomas,TE,Mississippi State,-- Free agent,2026-10-06
2018,6,212,Baltimore Ravens,Oakland,Greg Senat,OT,Wagner,-- Free agent,2026-10-06
2018,6,213,Minnesota Vikings,,Colby Gossett,OG,Appalachian State,-- Free agent,2026-10-06
2018,6,214,Houston Texans,,Peter Kalambayi,LB,Stanford,-- Free agent,2026-10-06
2018,6,215,Baltimore Ravens,Baltimore via Tennessee,Bradley Bozeman,C,Alabama,-- Inactive,2026-10-06
2018,6,216,Oakland Raiders,,Azeem Victor,LB,Washington,-- Inactive,2026-10-06
2018,6,217,Denver Broncos,Oakland via LA Rams,Keishawn Bierria,LB,Washington,-- Free agent,2026-10-06
2018,6,218,Minnesota Vikings,,Ade Aruna,DE,Tulane,-- Free agent,2026-10-06
2018,7,219,New England Patriots,Cleveland,Danny Etling,QB,LSU,-- Free agent,2026-10-06
2018,7,220,Seattle Seahawks,NY Giants via Pittsburgh,Alex McGough,QB,FIU,-- Free agent,2026-10-06
2018,7,221,Indianapolis Colts,,Matthew Adams,LB,Houston,-- Free agent,2026-10-06
2018,7,222,Houston Texans,,Jermaine Kelly,CB,San Jose State,-- Free agent,2026-10-06
2018,7,223,San Francisco 49ers,Tampa Bay via Miami,Jullian Taylor,DT,Temple,-- Free agent,2026-10-06
2018,7,224,Chicago Bears,,Javon Wims,WR,Georgia,-- Free agent,2026-10-06
2018,7,225,Minnesota Vikings,Denver via Minnesota and NY Jets,Devante Downs,LB,California,-- Free agent,2026-10-06
2018,7,226,Denver Broncos,NY Jets via Seattle,David Williams,RB,Arkansas,-- Inactive,2026-10-06
2018,7,227,Miami Dolphins,San Francisco,Quentin Poling,LB,Ohio,-- Free agent,2026-10-06
2018,7,228,Oakland Raiders,,Marcell Ateman,WR,Oklahoma State,-- Free agent,2026-10-06
2018,7,229,Miami Dolphins,,Jason Sanders,K,New Mexico,New York Jets,2026-10-06
2018,7,230,Jacksonville Jaguars,Cincinnati,Leon Jacobs,LB,Wisconsin,-- Free agent,2026-10-06
2018,7,231,Los Angeles Rams,Washington,Travin Howard,LB,TCU,-- Free agent,2026-10-06
2018,7,232,Green Bay Packers,,James Looney,DE,California,-- Free agent,2026-10-06
2018,7,233,Philadelphia Eagles,Arizona via Kansas City and New England,Jordan Mailata,OT,No college (rugby),Philadelphia Eagles,2026-10-06
2018,7,234,Carolina Panthers,LA Chargers via Buffalo,Andre Smith,LB,North Carolina,-- Free agent,2026-10-06
2018,7,235,Indianapolis Colts,Seattle via NY Jets,Zaire Franklin,LB,Syracuse,Green Bay Packers,2026-10-06
2018,7,236,Dallas Cowboys,,Bo Scarbrough,RB,Alabama,-- Free agent,2026-10-06
2018,7,237,Detroit Lions,,Nick Bawden,FB,San Diego State,-- Free agent,2026-10-06
2018,7,238,Baltimore Ravens,Arizona via Baltimore,Zach Sieler,DE,Ferris State,Miami Dolphins,2026-10-06
2018,7,239,Green Bay Packers,Buffalo,Hunter Bradley,LS,Mississippi State,-- Free agent,2026-10-06
2018,7,240,San Francisco 49ers,Kansas City,Richie James,WR,Middle Tennessee,-- Free agent,2026-10-06
2018,7,241,Washington Redskins,LA Rams,Greg Stroman,CB,Virginia Tech,-- Free agent,2026-10-06
2018,7,242,Carolina Panthers,,Kendrick Norton,DT,Miami (FL),-- Free agent,2026-10-06
2018,7,243,New England Patriots,Tennessee via Kansas City,Keion Crossen,CB,Western Carolina,-- Free agent,2026-10-06
2018,7,244,Los Angeles Rams,Atlanta,Justin Lawler,DE,SMU,-- Free agent,2026-10-06
2018,7,245,New Orleans Saints,,Will Clapp,C,LSU,-- Inactive,2026-10-06
2018,7,246,Pittsburgh Steelers,,Joshua Frazier,DT,Alabama,-- Inactive,2026-10-06
2018,7,247,Jacksonville Jaguars,,Logan Cooke,P,Mississippi State,Jacksonville Jaguars,2026-10-06
2018,7,248,Green Bay Packers,Minnesota via Seattle,Kendall Donnerson,LB,Southeast Missouri State,-- Free agent,2026-10-06
2018,7,249,Cincinnati Bengals,New England,Logan Woodside,QB,Toledo,-- Free agent,2026-10-06
2018,7,250,New England Patriots,"Philadelphia via Seattle, New England, Seattle and Philadelphia",Ryan Izzo,TE,Florida State,-- Free agent,2026-10-06
2018,7,251,Los Angeles Chargers,,Justin Jackson,RB,Northwestern,Detroit Lions,2026-10-06
2018,7,252,Cincinnati Bengals,,Rod Taylor,OG,Ole Miss,-- Inactive,2026-10-06
2018,7,253,Cincinnati Bengals,,Auden Tate,WR,Florida State,-- Free agent,2026-10-06
2018,7,254,Arizona Cardinals,,Korey Cunningham,OT,Cincinnati,-- Free agent,2026-10-06
2018,7,255,Buffalo Bills,Tampa Bay,Austin Proehl,WR,North Carolina,-- Inactive,2026-10-06
2018,7,256,Washington Redskins,Atlanta via LA Rams,Trey Quinn,WR,SMU,-- Free agent,2026-10-06
2017,1,1,Cleveland Browns,,Myles Garrett,DE,Texas A&M,Los Angeles Rams,2026-10-06
2017,1,2,Chicago Bears,San Francisco,Mitchell Trubisky,QB,North Carolina,Tennessee Titans,2026-10-06
2017,1,3,San Francisco 49ers,Chicago,Solomon Thomas,DE,Stanford,Tennessee Titans,2026-10-06
2017,1,4,Jacksonville Jaguars,,Leonard Fournette,RB,LSU,-- Free agent,2026-10-06
2017,1,5,Tennessee Titans,LA Rams,Corey Davis,WR,Western Michigan,-- Status unconfirmed,2026-10-06
2017,1,6,New York Jets,,Jamal Adams,S,LSU,Minnesota Vikings,2026-10-06
2017,1,7,Los Angeles Chargers,,Mike Williams,WR,Clemson,-- Inactive,2026-10-06
2017,1,8,Carolina Panthers,,Christian McCaffrey,RB,Stanford,San Francisco 49ers,2026-10-06
2017,1,9,Cincinnati Bengals,,John Ross,WR,Washington,-- Free agent,2026-10-06
2017,1,10,Kansas City Chiefs,Buffalo,Patrick Mahomes,QB,Texas Tech,Kansas City Chiefs,2026-10-06
2017,1,11,New Orleans Saints,,Marshon Lattimore,CB,Ohio State,-- Free agent,2026-10-06
2017,1,12,Houston Texans,Philadelphia via Cleveland,Deshaun Watson,QB,Clemson,Cleveland Browns,2026-10-06
2017,1,13,Arizona Cardinals,,Haason Reddick,LB,Temple,-- Free agent,2026-10-06
2017,1,14,Philadelphia Eagles,Minnesota,Derek Barnett,DE,Tennessee,Cleveland Browns,2026-10-06
2017,1,15,Indianapolis Colts,,Malik Hooker,S,Ohio State,Dallas Cowboys,2026-10-06
2017,1,16,Baltimore Ravens,,Marlon Humphrey,CB,Alabama,Baltimore Ravens,2026-10-06
2017,1,17,Washington Redskins,,Jonathan Allen,DE,Alabama,Cincinnati Bengals,2026-10-06
2017,1,18,Tennessee Titans,,Adoree' Jackson,CB,USC,-- Free agent,2026-10-06
2017,1,19,Tampa Bay Buccaneers,,O. J. Howard,TE,Alabama,-- Free agent,2026-10-06
2017,1,20,Denver Broncos,,Garett Bolles,OT,Utah,Denver Broncos,2026-10-06
2017,1,21,Detroit Lions,,Jarrad Davis,LB,Florida,-- Free agent,2026-10-06
2017,1,22,Miami Dolphins,,Charles Harris,DE,Missouri,-- Free agent,2026-10-06
2017,1,23,New York Giants,,Evan Engram,TE,Ole Miss,Denver Broncos,2026-10-06
2017,1,24,Oakland Raiders,,Gareon Conley,CB,Ohio State,-- Free agent,2026-10-06
2017,1,25,Cleveland Browns,Houston,Jabrill Peppers,S,Michigan,-- Free agent,2026-10-06
2017,1,26,Atlanta Falcons,Seattle,Takkarist McKinley,DE,UCLA,-- Free agent,2026-10-06
2017,1,27,Buffalo Bills,Kansas City,Tre'Davious White,CB,LSU,-- Free agent,2026-10-06
2017,1,28,Dallas Cowboys,,Taco Charlton,DE,Michigan,-- Free agent,2026-10-06
2017,1,29,Cleveland Browns,Green Bay,David Njoku,TE,Miami (FL),Los Angeles Chargers,2026-10-06
2017,1,30,Pittsburgh Steelers,,T. J. Watt,LB,Wisconsin,Pittsburgh Steelers,2026-10-06
2017,1,31,San Francisco 49ers,Atlanta via Seattle,Reuben Foster,LB,Alabama,-- Free agent,2026-10-06
2017,1,32,New Orleans Saints,New England,Ryan Ramczyk,OT,Wisconsin,-- Retired,2026-10-06
2017,2,33,Green Bay Packers,Cleveland,Kevin King,CB,Washington,-- Free agent,2026-10-06
2017,2,34,Jacksonville Jaguars,San Francisco via Seattle,Cam Robinson,OT,Alabama,-- Free agent,2026-10-06
2017,2,35,Seattle Seahawks,Jacksonville,Malik McDowell,DT,Michigan State,-- Free agent,2026-10-06
2017,2,36,Arizona Cardinals,Chicago,Budda Baker,S,Washington,Arizona Cardinals,2026-10-06
2017,2,37,Buffalo Bills,LA Rams,Zay Jones,WR,East Carolina,-- Free agent,2026-10-06
2017,2,38,Los Angeles Chargers,,Forrest Lamp,OG,Western Kentucky,-- Free agent,2026-10-06
2017,2,39,New York Jets,,Marcus Maye,S,Florida,-- Free agent,2026-10-06
2017,2,40,Carolina Panthers,,Curtis Samuel,WR,Ohio State,-- Free agent,2026-10-06
2017,2,41,Minnesota Vikings,Cincinnati,Dalvin Cook,RB,Florida State,-- Free agent,2026-10-06
2017,2,42,New Orleans Saints,,Marcus Williams,S,Utah,-- Free agent,2026-10-06
2017,2,43,Philadelphia Eagles,,Sidney Jones,CB,Washington,-- Free agent,2026-10-06
2017,2,44,Los Angeles Rams,Buffalo,Gerald Everett,TE,South Alabama,-- Free agent,2026-10-06
2017,2,45,Chicago Bears,Arizona,Adam Shaheen,TE,Ashland,-- Free agent,2026-10-06
2017,2,46,Indianapolis Colts,,Quincy Wilson,CB,Florida,-- Free agent,2026-10-06
2017,2,47,Baltimore Ravens,,Tyus Bowser,LB,Houston,-- Free agent,2026-10-06
2017,2,48,Cincinnati Bengals,Minnesota,Joe Mixon,RB,Oklahoma,-- Free agent,2026-10-06
2017,2,49,Washington Redskins,,Ryan Anderson,LB,Alabama,-- Free agent,2026-10-06
2017,2,50,Tampa Bay Buccaneers,,Justin Evans,S,Texas A&M,-- Free agent,2026-10-06
2017,2,51,Denver Broncos,,DeMarcus Walker,DE,Florida State,-- Free agent,2026-10-06
2017,2,52,Cleveland Browns,Tennessee,DeShone Kizer,QB,Notre Dame,-- Free agent,2026-10-06
2017,2,53,Detroit Lions,,Teez Tabor,CB,Florida,-- Free agent,2026-10-06
2017,2,54,Miami Dolphins,,Raekwon McMillan,LB,Ohio State,-- Free agent,2026-10-06
2017,2,55,New York Giants,,Dalvin Tomlinson,DT,Alabama,Los Angeles Chargers,2026-10-06
2017,2,56,Oakland Raiders,,Obi Melifonwu,S,UConn,-- Free agent,2026-10-06
2017,2,57,Houston Texans,,Zach Cunningham,LB,Vanderbilt,-- Free agent,2026-10-06
2017,2,58,Seattle Seahawks,,Ethan Pocic,C,LSU,Baltimore Ravens,2026-10-06
2017,2,59,Kansas City Chiefs,,Tanoh Kpassagnon,DE,Villanova,Tennessee Titans,2026-10-06
2017,2,60,Dallas Cowboys,,Chidobe Awuzie,CB,Colorado,Baltimore Ravens,2026-10-06
2017,2,61,Green Bay Packers,,Josh Jones,S,NC State,-- Free agent,2026-10-06
2017,2,62,Pittsburgh Steelers,,JuJu Smith-Schuster,WR,USC,-- Free agent,2026-10-06
2017,2,63,Buffalo Bills,Atlanta,Dion Dawkins,OG,Temple,Buffalo Bills,2026-10-06
2017,2,64,Carolina Panthers,New England,Taylor Moton,OG,Western Michigan,Carolina Panthers,2026-10-06
2017,3,65,Cleveland Browns,,Larry Ogunjobi,DT,Charlotte,-- Free agent,2026-10-06
2017,3,66,San Francisco 49ers,,Ahkello Witherspoon,CB,Colorado,-- Inactive,2026-10-06
2017,3,67,New Orleans Saints,Chicago via San Francisco,Alvin Kamara,RB,Tennessee,New Orleans Saints,2026-10-06
2017,3,68,Jacksonville Jaguars,,Dawuane Smoot,DE,Illinois,-- Free agent,2026-10-06
2017,3,69,Los Angeles Rams,,Cooper Kupp,WR,Eastern Washington,Seattle Seahawks,2026-10-06
2017,3,70,Minnesota Vikings,NY Jets,Pat Elflein,C,Ohio State,-- Free agent,2026-10-06
2017,3,71,Los Angeles Chargers,,Dan Feeney,OG,Indiana,Tampa Bay Buccaneers,2026-10-06
2017,3,72,Tennessee Titans,Carolina via New England,Taywan Taylor,WR,Western Kentucky,-- Free agent,2026-10-06
2017,3,73,Cincinnati Bengals,,Jordan Willis,DE,Kansas State,-- Free agent,2026-10-06
2017,3,74,Baltimore Ravens,Philadelphia,Chris Wormley,DE,Michigan,-- Free agent,2026-10-06
2017,3,75,Atlanta Falcons,Buffalo,Duke Riley,LB,LSU,-- Free agent,2026-10-06
2017,3,76,New Orleans Saints,,Alex Anzalone,LB,Florida,Tampa Bay Buccaneers,2026-10-06
2017,3,77,Carolina Panthers,Arizona,Daeshon Hall,DE,Texas A&M,-- Free agent,2026-10-06
2017,3,78,Baltimore Ravens,,Tim Williams,LB,Alabama,-- Free agent,2026-10-06
2017,3,79,New York Jets,Minnesota,ArDarius Stewart,WR,Alabama,-- Inactive,2026-10-06
2017,3,80,Indianapolis Colts,,Tarell Basham,DE,Ohio,-- Free agent,2026-10-06
2017,3,81,Washington Redskins,,Fabian Moreau,CB,UCLA,Washington Commanders,2026-10-06
2017,3,82,Denver Broncos,,Carlos Henderson,WR,Louisiana Tech,-- Inactive,2026-10-06
2017,3,83,New England Patriots,Tennessee,Derek Rivers,DE,Youngstown State,-- Free agent,2026-10-06
2017,3,84,Tampa Bay Buccaneers,,Chris Godwin,WR,Penn State,Tampa Bay Buccaneers,2026-10-06
2017,3,85,New England Patriots,Detroit,Antonio Garcia,OT,Troy,-- Inactive,2026-10-06
2017,3,86,Kansas City Chiefs,Miami via Minnesota,Kareem Hunt,RB,Toledo,-- Free agent,2026-10-06
2017,3,87,New York Giants,,Davis Webb,QB,California,-- Free agent,2026-10-06
2017,3,88,Oakland Raiders,,Eddie Vanderdoes,DT,UCLA,-- Free agent,2026-10-06
2017,3,89,Houston Texans,,D'Onta Foreman,RB,Texas,-- Free agent,2026-10-06
2017,3,90,Seattle Seahawks,,Shaquill Griffin,CB,UCF,-- Free agent,2026-10-06
2017,3,91,Los Angeles Rams,Kansas City via Buffalo,John Johnson,S,Boston College,-- Free agent,2026-10-06
2017,3,92,Dallas Cowboys,,Jourdan Lewis,CB,Michigan,Jacksonville Jaguars,2026-10-06
2017,3,93,Green Bay Packers,,Montravius Adams,DT,Auburn,-- Inactive,2026-10-06
2017,3,94,Pittsburgh Steelers,,Cameron Sutton,CB,Tennessee,-- Free agent,2026-10-06
2017,3,95,Seattle Seahawks,Atlanta,Lano Hill,S,Michigan,-- Free agent,2026-10-06
2017,3,96,Detroit Lions,New England,Kenny Golladay,WR,Northern Illinois,-- Free agent,2026-10-06
2017,3,97,Miami Dolphins,,Cordrea Tankersley,CB,Clemson,-- Free agent,2026-10-06
2017,3,98,Arizona Cardinals,Carolina,Chad Williams,WR,Grambling State,-- Free agent,2026-10-06
2017,3,99,Philadelphia Eagles,Baltimore,Rasul Douglas,CB,West Virginia,Washington Commanders,2026-10-06
2017,3,100,Tennessee Titans,LA Rams,Jonnu Smith,TE,FIU,Green Bay Packers,2026-10-06
2017,3,101,Denver Broncos,,Brendan Langley,CB,Lamar,-- Inactive,2026-10-06
2017,3,102,Seattle Seahawks,,Nazair Jones,DT,North Carolina,-- Free agent,2026-10-06
2017,3,103,New Orleans Saints,Cleveland via New England,Trey Hendrickson,LB,Florida Atlantic,Baltimore Ravens,2026-10-06
2017,3,104,San Francisco 49ers,Kansas City via Minnesota,C. J. Beathard,QB,Iowa,-- Free agent,2026-10-06
2017,3,105,Pittsburgh Steelers,,James Conner,RB,Pittsburgh,Arizona Cardinals,2026-10-06
2017,3,106,Seattle Seahawks,,Amara Darboh,WR,Michigan,-- Free agent,2026-10-06
2017,3,107,Tampa Bay Buccaneers,NY Jets,Kendell Beckwith,LB,LSU,-- Free agent,2026-10-06
2017,4,108,Green Bay Packers,Cleveland,Vince Biegel,LB,Wisconsin,-- Free agent,2026-10-06
2017,4,109,Minnesota Vikings,San Francisco,Jaleel Johnson,DT,Iowa,-- Free agent,2026-10-06
2017,4,110,Jacksonville Jaguars,,Dede Westbrook,WR,Oklahoma,-- Free agent,2026-10-06
2017,4,111,Seattle Seahawks,Chicago via San Francisco,Tedric Thompson,S,Colorado,-- Free agent,2026-10-06
2017,4,112,Chicago Bears,LA Rams,Eddie Jackson,S,Alabama,-- Free agent,2026-10-06
2017,4,113,Los Angeles Chargers,,Rayshawn Jenkins,S,Miami (FL),Pittsburgh Steelers,2026-10-06
2017,4,114,Washington Redskins,NY Jets,Samaje Perine,RB,Oklahoma,Cincinnati Bengals,2026-10-06
2017,4,115,Arizona Cardinals,Carolina,Dorian Johnson,OG,Pittsburgh,-- Inactive,2026-10-06
2017,4,116,Cincinnati Bengals,,Carl Lawson,DE,Auburn,-- Free agent,2026-10-06
2017,4,117,Los Angeles Rams,Buffalo via Chicago,Josh Reynolds,WR,Texas A&M,-- Free agent,2026-10-06
2017,4,118,Philadelphia Eagles,,Mack Hollins,WR,North Carolina,New England Patriots,2026-10-06
2017,4,119,Chicago Bears,Arizona,Tarik Cohen,RB,North Carolina A&T,-- Retired,2026-10-06
2017,4,120,Minnesota Vikings,,Ben Gedeon,LB,Michigan,-- Free agent,2026-10-06
2017,4,121,San Francisco 49ers,Indianapolis,Joe Williams,RB,Utah,-- Free agent,2026-10-06
2017,4,122,Baltimore Ravens,,Nico Siragusa,OG,San Diego State,-- Inactive,2026-10-06
2017,4,123,Washington Redskins,,Montae Nicholson,S,Michigan State,-- Free agent,2026-10-06
2017,4,124,Detroit Lions,Tennessee via New England,Jalen Reeves-Maybin,LB,Tennessee,-- Free agent,2026-10-06
2017,4,125,Los Angeles Rams,Tampa Bay via NY Jets,Samson Ebukam,LB,Eastern Washington,Atlanta Falcons,2026-10-06
2017,4,126,Cleveland Browns,Denver,Howard Wilson,CB,Houston,-- Inactive,2026-10-06
2017,4,127,Detroit Lions,,Michael Roberts,TE,Toledo,-- Free agent,2026-10-06
2017,4,128,Cincinnati Bengals,Miami via Minnesota,Josh Malone,WR,Tennessee,-- Inactive,2026-10-06
2017,4,129,Oakland Raiders,,David Sharpe,OT,Florida,-- Free agent,2026-10-06
2017,4,130,Houston Texans,,Julién Davenport,OT,Bucknell,-- Free agent,2026-10-06
2017,4,131,New England Patriots,Seattle,Deatrich Wise Jr.,DE,Arkansas,Washington Commanders,2026-10-06
2017,4,132,Philadelphia Eagles,Kansas City via Minnesota,Donnel Pumphrey,RB,San Diego State,-- Inactive,2026-10-06
2017,4,133,Dallas Cowboys,,Ryan Switzer,WR,North Carolina,-- Free agent,2026-10-06
2017,4,134,Green Bay Packers,,Jamaal Williams,RB,BYU,-- Free agent,2026-10-06
2017,4,135,Pittsburgh Steelers,,Joshua Dobbs,QB,Tennessee,Detroit Lions,2026-10-06
2017,4,136,Atlanta Falcons,,Sean Harlow,C,Oregon State,-- Free agent,2026-10-06
2017,4,137,Indianapolis Colts,New England,Zach Banner,OG,USC,-- Inactive,2026-10-06
2017,4,138,Cincinnati Bengals,,Ryan Glasgow,DT,Michigan,-- Inactive,2026-10-06
2017,4,139,Kansas City Chiefs,Cleveland via Philadelphia and Minnesota,Jehu Chesson,WR,Michigan,-- Free agent,2026-10-06
2017,4,140,New York Giants,,Wayne Gallman,RB,Clemson,-- Free agent,2026-10-06
2017,4,141,New York Jets,LA Rams,Chad Hansen,WR,California,-- Inactive,2026-10-06
2017,4,142,Houston Texans,Cleveland,Carlos Watkins,DT,Clemson,-- Free agent,2026-10-06
2017,4,143,Indianapolis Colts,San Francisco,Marlon Mack,RB,South Florida,-- Free agent,2026-10-06
2017,4,144,Indianapolis Colts,,Grover Stewart,DT,Albany State,Indianapolis Colts,2026-10-06
2017,5,145,Denver Broncos,Cleveland,Jake Butt,TE,Michigan,-- Free agent,2026-10-06
2017,5,146,San Francisco 49ers,,George Kittle,TE,Iowa,San Francisco 49ers,2026-10-06
2017,5,147,Chicago Bears,,Jordan Morgan,OG,Kutztown,-- Inactive,2026-10-06
2017,5,148,Jacksonville Jaguars,,Blair Brown,LB,Ohio,-- Inactive,2026-10-06
2017,5,149,Atlanta Falcons,LA Rams via Buffalo,Damontae Kazee,CB,San Diego State,-- Free agent,2026-10-06
2017,5,150,New York Jets,,Jordan Leggett,TE,Clemson,-- Free agent,2026-10-06
2017,5,151,Los Angeles Chargers,,Desmond King,CB,Iowa,-- Free agent,2026-10-06
2017,5,152,Carolina Panthers,,Corn Elder,CB,Miami (FL),-- Free agent,2026-10-06
2017,5,153,Cincinnati Bengals,,Jake Elliott,K,Memphis,Philadelphia Eagles,2026-10-06
2017,5,154,Washington Redskins,New Orleans,Jeremy Sprinkle,TE,Arkansas,-- Free agent,2026-10-06
2017,5,155,Tennessee Titans,Philadelphia,Jayon Brown,LB,UCLA,-- Free agent,2026-10-06
2017,5,156,Atlanta Falcons,Buffalo,Brian Hill,RB,Wyoming,-- Free agent,2026-10-06
2017,5,157,Arizona Cardinals,,Will Holden,OT,Vanderbilt,-- Free agent,2026-10-06
2017,5,158,Indianapolis Colts,,Nate Hairston,CB,Temple,-- Free agent,2026-10-06
2017,5,159,Baltimore Ravens,,Jermaine Eluemunor,OT,Texas A&M,New York Giants,2026-10-06
2017,5,160,Cleveland Browns,Minnesota via NY Jets,Roderick Johnson,OT,Florida State,-- Free agent,2026-10-06
2017,5,161,Indianapolis Colts,Washington via San Francisco,Anthony Walker Jr.,LB,Northwestern,-- Inactive,2026-10-06
2017,5,162,Tampa Bay Buccaneers,,Jeremy McNichols,RB,Boise State,Washington Commanders,2026-10-06
2017,5,163,Buffalo Bills,Denver via New England,Matt Milano,LB,Boston College,-- Free agent,2026-10-06
2017,5,164,Miami Dolphins,Tennessee via Philadelphia,Isaac Asiata,OG,Utah,-- Inactive,2026-10-06
2017,5,165,Detroit Lions,,Jamal Agnew,CB,San Diego,-- Free agent,2026-10-06
2017,5,166,Philadelphia Eagles,Miami,Shelton Gibson,WR,West Virginia,-- Free agent,2026-10-06
2017,5,167,New York Giants,,Avery Moss,DE,Youngstown State,-- Free agent,2026-10-06
2017,5,168,Oakland Raiders,,Marquel Lee,LB,Wake Forest,-- Inactive,2026-10-06
2017,5,169,Houston Texans,,Treston Decoud,CB,Oregon State,-- Free agent,2026-10-06
2017,5,170,Minnesota Vikings,Kansas City,Rodney Adams,WR,South Florida,-- Free agent,2026-10-06
2017,5,171,Buffalo Bills,Dallas,Nathan Peterman,QB,Pittsburgh,-- Free agent,2026-10-06
2017,5,172,Denver Broncos,Green Bay,Isaiah McKenzie,WR,Georgia,-- Free agent,2026-10-06
2017,5,173,Pittsburgh Steelers,,Brian Allen,CB,Utah,-- Free agent,2026-10-06
2017,5,174,Atlanta Falcons,,Eric Saubert,TE,Drake,Seattle Seahawks,2026-10-06
2017,5,175,Green Bay Packers,New England via Cleveland and Denver,DeAngelo Yancey,WR,Purdue,-- Inactive,2026-10-06
2017,5,176,Cincinnati Bengals,,J. J. Dielman,C,Utah,-- Inactive,2026-10-06
2017,5,177,San Francisco 49ers,Denver,Trent Taylor,WR,Louisiana Tech,-- Inactive,2026-10-06
2017,5,178,Miami Dolphins,,Davon Godchaux,DT,LSU,New Orleans Saints,2026-10-06
2017,5,179,Arizona Cardinals,,T. J. Logan,RB,North Carolina,-- Free agent,2026-10-06
2017,5,180,Minnesota Vikings,Kansas City,Danny Isidora,OG,Miami (FL),-- Free agent,2026-10-06
2017,5,181,New York Jets,Cleveland,Dylan Donahue,DE,West Georgia,-- Inactive,2026-10-06
2017,5,182,Green Bay Packers,,Aaron Jones,RB,UTEP,Minnesota Vikings,2026-10-06
2017,5,183,Kansas City Chiefs,New England,Ukeme Eligwe,LB,Georgia Southern,-- Free agent,2026-10-06
2017,5,184,Philadelphia Eagles,Miami,Nathan Gerry,S,Nebraska,-- Free agent,2026-10-06
2017,6,185,Cleveland Browns,,Caleb Brantley,DT,Florida,-- Inactive,2026-10-06
2017,6,186,Baltimore Ravens,San Francisco,Chuck Clark,S,Virginia Tech,Detroit Lions,2026-10-06
2017,6,187,Seattle Seahawks,Jacksonville,Mike Tyson,S,Cincinnati,-- Inactive,2026-10-06
2017,6,188,New York Jets,Chicago via Houston and Cleveland,Elijah McGuire,RB,Louisiana–Lafayette,-- Inactive,2026-10-06
2017,6,189,Los Angeles Rams,,Tanzel Smart,DT,Tulane,-- Free agent,2026-10-06
2017,6,190,Los Angeles Chargers,,Sam Tevi,OT,Utah,-- Free agent,2026-10-06
2017,6,191,Dallas Cowboys,NY Jets,Xavier Woods,S,Louisiana Tech,Chicago Bears,2026-10-06
2017,6,192,Carolina Panthers,,Alexander Armah,FB,West Georgia,-- Free agent,2026-10-06
2017,6,193,Cincinnati Bengals,,Jordan Evans,LB,Oklahoma,-- Free agent,2026-10-06
2017,6,194,Miami Dolphins,Philadelphia,Vincent Taylor,DT,Oklahoma State,-- Free agent,2026-10-06
2017,6,195,Buffalo Bills,,Tanner Vallejo,LB,Boise State,-- Free agent,2026-10-06
2017,6,196,New Orleans Saints,,Al-Quadin Muhammad,DE,Miami (FL),Tampa Bay Buccaneers,2026-10-06
2017,6,197,New York Jets,Arizona via Chicago and LA Rams,Jeremy Clark,CB,Michigan,-- Free agent,2026-10-06
2017,6,198,San Francisco 49ers,Baltimore,D. J. Jones,DT,Ole Miss,Denver Broncos,2026-10-06
2017,6,199,Washington Redskins,Minnesota,Chase Roullier,C,Wyoming,-- Retired,2026-10-06
2017,6,200,New York Giants,Indianapolis via New England and Tennessee,Adam Bisnowaty,OT,Pittsburgh,-- Inactive,2026-10-06
2017,6,201,Minnesota Vikings,Washington,Bucky Hodges,TE,Virginia Tech,-- Inactive,2026-10-06
2017,6,202,San Francisco 49ers,Denver,Pita Taumoepenu,DE,Utah,-- Free agent,2026-10-06
2017,6,203,Denver Broncos,Tennessee,De'Angelo Henderson,RB,Coastal Carolina,-- Inactive,2026-10-06
2017,6,204,New York Jets,Tampa Bay,Derrick Jones,CB,Ole Miss,-- Inactive,2026-10-06
2017,6,205,Detroit Lions,,Jeremiah Ledbetter,DE,Arkansas,-- Free agent,2026-10-06
2017,6,206,Los Angeles Rams,Miami,Sam Rogers,FB,Virginia Tech,-- Inactive,2026-10-06
2017,6,207,Cincinnati Bengals,NY Giants via Tennessee,Brandon Wilson,CB,Houston,-- Free agent,2026-10-06
2017,6,208,Arizona Cardinals,Oakland,Rudy Ford,S,Auburn,-- Free agent,2026-10-06
2017,6,209,Washington Redskins,Houston,Robert Davis,WR,Georgia State,-- Free agent,2026-10-06
2017,6,210,Seattle Seahawks,,Justin Senior,OT,Mississippi State,-- Inactive,2026-10-06
2017,6,211,New England Patriots,Dallas,Conor McDermott,OT,UCLA,-- Free agent,2026-10-06
2017,6,212,Green Bay Packers,,Kofi Amichia,OT,South Florida,-- Free agent,2026-10-06
2017,6,213,Pittsburgh Steelers,,Colin Holba,LS,Louisville,-- Free agent,2026-10-06
2017,6,214,Philadelphia Eagles,Atlanta via Tennessee,Elijah Qualls,DT,Washington,-- Free agent,2026-10-06
2017,6,215,Detroit Lions,New England,Brad Kaaya,QB,Miami (FL),-- Inactive,2026-10-06
2017,6,216,Dallas Cowboys,Kansas City via New England,Marquez White,CB,Florida State,-- Inactive,2026-10-06
2017,6,217,Tennessee Titans,Cincinnati,Corey Levin,OG,Chattanooga,Atlanta Falcons,2026-10-06
2017,6,218,Kansas City Chiefs,,Leon McQuay,S,USC,-- Inactive,2026-10-06
2017,7,219,Minnesota Vikings,Cleveland via San Francisco,Stacy Coley,WR,Miami (FL),-- Inactive,2026-10-06
2017,7,220,Minnesota Vikings,San Francisco via Washington,Ifeadi Odenigbo,DE,Northwestern,-- Free agent,2026-10-06
2017,7,221,Oakland Raiders,Chicago via Arizona,Shalom Luani,S,Washington State,-- Free agent,2026-10-06
2017,7,222,Jacksonville Jaguars,,Jalen Myrick,CB,Minnesota,-- Inactive,2026-10-06
2017,7,223,Tampa Bay Buccaneers,LA Rams via Miami,Stevie Tu'ikolovatu,DT,USC,-- Free agent,2026-10-06
2017,7,224,Cleveland Browns,NY Jets,Zane Gonzalez,K,Arizona State,-- Free agent,2026-10-06
2017,7,225,Los Angeles Chargers,,Isaac Rochell,DE,Notre Dame,-- Free agent,2026-10-06
2017,7,226,Seattle Seahawks,Carolina,David Moore,WR,East Central,Carolina Panthers,2026-10-06
2017,7,227,Tennessee Titans,Cincinnati,Josh Carraway,LB,TCU,-- Free agent,2026-10-06
2017,7,228,Dallas Cowboys,Buffalo,Joey Ivie,DT,Florida,-- Free agent,2026-10-06
2017,7,229,San Francisco 49ers,New Orleans,Adrian Colbert,CB,Miami (FL),-- Free agent,2026-10-06
2017,7,230,Washington Redskins,Philadelphia via Minnesota,Josh Harvey-Clemons,S,Louisville,-- Free agent,2026-10-06
2017,7,231,Oakland Raiders,Arizona,Jylan Ware,OT,Alabama State,-- Inactive,2026-10-06
2017,7,232,Minnesota Vikings,,Elijah Lee,LB,Kansas State,-- Free agent,2026-10-06
2017,7,233,Carolina Panthers,Indianapolis via Cleveland,Harrison Butker,K,Georgia Tech,Kansas City Chiefs,2026-10-06
2017,7,234,Los Angeles Rams,Baltimore,Ejuan Price,LB,Pittsburgh,-- Inactive,2026-10-06
2017,7,235,Washington Redskins,,Joshua Holsey,CB,Auburn,-- Inactive,2026-10-06
2017,7,236,Tennessee Titans,,Brad Seaton,OT,Villanova,-- Free agent,2026-10-06
2017,7,237,Miami Dolphins,Tampa Bay,Isaiah Ford,WR,Virginia Tech,-- Free agent,2026-10-06
2017,7,238,Green Bay Packers,Denver,Devante Mays,RB,Utah State,-- Free agent,2026-10-06
2017,7,239,Dallas Cowboys,Detroit and New England,Noah Brown,WR,Ohio State,-- Free agent,2026-10-06
2017,7,240,Jacksonville Jaguars,Miami,Marquez Williams,FB,Miami (FL),-- Free agent,2026-10-06
2017,7,241,Tennessee Titans,NY Giants,Khalfani Muhammad,RB,California,-- Inactive,2026-10-06
2017,7,242,Oakland Raiders,,Elijah Hood,RB,North Carolina,-- Inactive,2026-10-06
2017,7,243,Houston Texans,,Kyle Fuller,C,Baylor,-- Free agent,2026-10-06
2017,7,244,Oakland Raiders,Seattle,Treyvon Hester,DT,Toledo,-- Free agent,2026-10-06
2017,7,245,Minnesota Vikings,Kansas City,Jack Tocho,CB,NC State,-- Inactive,2026-10-06
2017,7,246,Dallas Cowboys,,Jordan Carrell,DT,Colorado,-- Status unconfirmed,2026-10-06
2017,7,247,Green Bay Packers,,Malachi Dupre,WR,LSU,-- Inactive,2026-10-06
2017,7,248,Pittsburgh Steelers,,Keion Adams,DE,Western Michigan,-- Inactive,2026-10-06
2017,7,249,Seattle Seahawks,Atlanta,Chris Carson,RB,Oklahoma State,-- Retired,2026-10-06
2017,7,250,Detroit Lions,New England,Pat O'Connor,DE,Eastern Michigan,-- Free agent,2026-10-06
2017,7,251,Cincinnati Bengals,,Mason Schreck,TE,Buffalo,-- Free agent,2026-10-06
2017,7,252,Cleveland Browns,Denver,Matthew Dayes,RB,NC State,-- Inactive,2026-10-06
2017,7,253,Denver Broncos,,Chad Kelly,QB,Ole Miss,-- Free agent,2026-10-06
